root,relative_path,bytes,embedded_md5
Garçons (Gelbooru),all_fours/combos_&_doodles - 9259620 - questionable - a63223f78b34b488e563e54289762407.jpg,202248,a63223f78b34b488e563e54289762407
Garçons (Gelbooru),all_fours/skyfiss - 5314771 - sensitive - 2600ca5ff3161681a6d4f49c343f3208.jpg,181522,2600ca5ff3161681a6d4f49c343f3208
Garçons (Gelbooru),anal_beads/2n5 - 2093059 - explicit - 12f3e125cfe0bed555276286d2b94246.jpg,275127,12f3e125cfe0bed555276286d2b94246
Garçons (Gelbooru),anal_beads/alterkyon - 12926510 - explicit - 4a0e53df37845b40627e98ce80a33794.jpg,202393,4a0e53df37845b40627e98ce80a33794
Garçons (Gelbooru),anal_beads/anonymous - 1942394 - explicit - 85c08524f6ac173f849cd20f78fb33c2.jpg,117437,85c08524f6ac173f849cd20f78fb33c2
Garçons (Gelbooru),anal_beads/anonymous - 1951497 - explicit - 290e3889e17aba42ad4a8576bf7de2aa.png,342980,290e3889e17aba42ad4a8576bf7de2aa
Garçons (Gelbooru),anal_beads/anonymous - 6520332 - explicit - 05866ede3f10666e47ccd31259d26948.jpg,83169,05866ede3f10666e47ccd31259d26948
Garçons (Gelbooru),anal_beads/dotsuco - 6279546 - questionable - 31050798b4e7d00039325bc2dfbe6e7e.jpg,78313,31050798b4e7d00039325bc2dfbe6e7e
Garçons (Gelbooru),anal_beads/greco_roman_(spiral_brain) - 1148246 - explicit - c22990defc8fe1f99dd235b5b94d6a15.jpg,191569,c22990defc8fe1f99dd235b5b94d6a15
Garçons (Gelbooru),anal_beads/greco_roman_(spiral_brain) - 1491832 - explicit - 4a7431b370ac7d751d85aacf35a4b1df.jpg,217153,4a7431b370ac7d751d85aacf35a4b1df
Garçons (Gelbooru),anal_beads/hokuro_ryuuseigun - 6672558 - explicit - d9697753a37e80285078f0a68d782f91.jpg,54516,d9697753a37e80285078f0a68d782f91
Garçons (Gelbooru),anal_beads/iuui - 5552778 - explicit - 98650e1ddbbe16eefda37fff5e1b7541.jpg,289744,98650e1ddbbe16eefda37fff5e1b7541
Garçons (Gelbooru),anal_beads/jtveemo - 7519081 - explicit - 382c429e33889f04332b48d83fd0caa8.jpg,194050,382c429e33889f04332b48d83fd0caa8
Garçons (Gelbooru),anal_beads/kousuke_(ko_suke) - 6427658 - explicit - a90f99a06907b56140476cda7e6913cc.png,341329,a90f99a06907b56140476cda7e6913cc
Garçons (Gelbooru),anal_beads/mikoyan - 2971918 - explicit - 378f2bfa837b618ab6589cec574564c7.jpg,63755,378f2bfa837b618ab6589cec574564c7
Garçons (Gelbooru),anal_beads/mirin_chikuwa - 7053239 - explicit - 52492ca422efa73a964f42ee8fee04e1.jpg,299433,52492ca422efa73a964f42ee8fee04e1
Garçons (Gelbooru),anal_beads/mondi_hl - 5677800 - explicit - 08808b26a834d86b4b75db50c207c2b2.jpg,150977,08808b26a834d86b4b75db50c207c2b2
Garçons (Gelbooru),anal_beads/mother13fucker - 6450506 - explicit - 191469864e1166872b3411779ab6398c.jpg,129613,191469864e1166872b3411779ab6398c
Garçons (Gelbooru),anal_beads/mr.zombie - 3031416 - explicit - f619f3e4a74768043cf1a8e47ccad562.jpg,79490,f619f3e4a74768043cf1a8e47ccad562
Garçons (Gelbooru),anal_beads/nari-14 - 12446020 - explicit - fb7131e8bbe4dee8e0b8926d83e98908.png,198671,fb7131e8bbe4dee8e0b8926d83e98908
Garçons (Gelbooru),anal_beads/nga_(ray_ray) - 12256509 - explicit - 7924d01296c6eb073894a1d4b3e96053.jpg,289982,7924d01296c6eb073894a1d4b3e96053
Garçons (Gelbooru),anal_beads/p_(tidoriashi) - 4923803 - explicit - cce371b33f8930f6d30afe5fe11ae970.jpg,208115,cce371b33f8930f6d30afe5fe11ae970
Garçons (Gelbooru),anal_beads/rodaik - 8528182 - explicit - 6807c5279b985c10fd6d60444fcdd6c5.jpg,112428,6807c5279b985c10fd6d60444fcdd6c5
Garçons (Gelbooru),anal_beads/rokuzukeita - 9962596 - explicit - 440e525fd9c5dc1f417c943cf0db751e.jpg,85148,440e525fd9c5dc1f417c943cf0db751e
Garçons (Gelbooru),anal_beads/samsara_(shuukeura) - 5213354 - explicit - 903795fbd75ca4028a3bb575529232e4.png,779928,903795fbd75ca4028a3bb575529232e4
Garçons (Gelbooru),anal_beads/satonaka_miharu - 6537098 - explicit - bc639bbf13509981c181295a55280a50.jpg,138830,bc639bbf13509981c181295a55280a50
Garçons (Gelbooru),anal_beads/tawapo - 7856994 - explicit - 07f484a62ae4a3d132ec0d7763a68d68.jpg,247830,07f484a62ae4a3d132ec0d7763a68d68
Garçons (Gelbooru),anal_beads/usukuti_(aceskyhigh) - 5645053 - explicit - 02893cca3dfcb71e422260a2ba0401b5.png,620181,02893cca3dfcb71e422260a2ba0401b5
Garçons (Gelbooru),anal_beads/we-love-america - 5318044 - explicit - 03dee95caa82ae6dc4f480770c34988b.jpg,105730,03dee95caa82ae6dc4f480770c34988b
Garçons (Gelbooru),anal_beads/yuniko_(pixiv3064800) - 6226612 - explicit - 0b70aadb3bcef4fe42364065666f6cf1.png,831471,0b70aadb3bcef4fe42364065666f6cf1
Garçons (Gelbooru),anal_fingering/mother13fucker - 6422195 - explicit - cbb8d6e0e7bfc2da46d96a5d8a2729d4.jpg,123594,cbb8d6e0e7bfc2da46d96a5d8a2729d4
Garçons (Gelbooru),anal_fisting/aian - 1924605 - explicit - 2475329bd7089eb4fa8cf0b16bdd0a65.jpg,318603,2475329bd7089eb4fa8cf0b16bdd0a65
Garçons (Gelbooru),anal_fisting/chilichi5 - 6600960 - explicit - 88dbbe41a8fb76c4f20cfe781f59558c.jpg,179793,88dbbe41a8fb76c4f20cfe781f59558c
Garçons (Gelbooru),anal_fisting/yah_yah_6 - 7657370 - explicit - 4231f335a285337ab1507c2484e8f008.png,241648,4231f335a285337ab1507c2484e8f008
Garçons (Gelbooru),anal_object_insertion/013_(hamsasuke) - 6975256 - explicit - 1de1ab3610d771fb7675483d03d5d3c6.png,424515,1de1ab3610d771fb7675483d03d5d3c6
Garçons (Gelbooru),anal_object_insertion/5t_(5t_000) - 9302963 - explicit - 46d00485d8c7f5d3ffc3cf59155533da.jpg,244425,46d00485d8c7f5d3ffc3cf59155533da
Garçons (Gelbooru),anal_object_insertion/ag_(ag_nkfg) - 8424117 - explicit - c5a16cc391256b29ff3247edf3316656.jpg,157433,c5a16cc391256b29ff3247edf3316656
Garçons (Gelbooru),anal_object_insertion/anonymous - 13096561 - explicit - d1142590b4c489bbcb1f1dda7df6fb95.jpg,66184,d1142590b4c489bbcb1f1dda7df6fb95
Garçons (Gelbooru),anal_object_insertion/anonymous - 3981985 - explicit - d6d63cb37c59f5da8e7be311948c97ba.jpg,94995,d6d63cb37c59f5da8e7be311948c97ba
Garçons (Gelbooru),anal_object_insertion/anonymous - 4417712 - explicit - e4c62fac994310f6934db9285dee21af.jpg,129984,e4c62fac994310f6934db9285dee21af
Garçons (Gelbooru),anal_object_insertion/anonymous - 6045293 - explicit - 0a4d38cc2747a28674c8a071a8ade084.jpg,116845,0a4d38cc2747a28674c8a071a8ade084
Garçons (Gelbooru),anal_object_insertion/anonymous - 7208255 - explicit - fd32512ec17f180eff85f4bea0c51e1a.jpg,111104,fd32512ec17f180eff85f4bea0c51e1a
Garçons (Gelbooru),anal_object_insertion/anonymous - 7269179 - explicit - c61f6709d370bbc1f667e9eeb1ee2b21.jpg,214302,c61f6709d370bbc1f667e9eeb1ee2b21
Garçons (Gelbooru),anal_object_insertion/anonymous - 7901878 - explicit - 69771261ac5d6f1e6750e96c8eb38ef9.jpg,166400,69771261ac5d6f1e6750e96c8eb38ef9
Garçons (Gelbooru),anal_object_insertion/anonymous - 8354379 - explicit - 44ac13e96c3ddd1d68845eca443ac30d.png,742929,44ac13e96c3ddd1d68845eca443ac30d
Garçons (Gelbooru),anal_object_insertion/anonymous - 8491536 - explicit - b2346df1ba422c66037524e4d345964e.png,822072,b2346df1ba422c66037524e4d345964e
Garçons (Gelbooru),anal_object_insertion/anonymous - 9097026 - explicit - f019a13e51523eebad86725a8c6a076f.jpg,211927,f019a13e51523eebad86725a8c6a076f
Garçons (Gelbooru),anal_object_insertion/anotherbondagecommissioner - 7882676 - explicit - 630bfeb53c0b661b09997e09cf51067d.png,873292,630bfeb53c0b661b09997e09cf51067d
Garçons (Gelbooru),anal_object_insertion/boys_musume. - 2457993 - explicit - f7109f0b5c57ac2487d2b8cef69a2092.jpg,228290,f7109f0b5c57ac2487d2b8cef69a2092
Garçons (Gelbooru),anal_object_insertion/calamitail - 8354389 - explicit - 748e813df915a57e08ba0badcbd98806.png,664174,748e813df915a57e08ba0badcbd98806
Garçons (Gelbooru),anal_object_insertion/cr-r - 2847180 - explicit - 81642ef35039f37c0e16f5ba86eea999.jpg,50325,81642ef35039f37c0e16f5ba86eea999
Garçons (Gelbooru),anal_object_insertion/d_kake2 - 5754238 - explicit - 034576cd48af650561c4701ad6f1d6d4.png,593014,034576cd48af650561c4701ad6f1d6d4
Garçons (Gelbooru),anal_object_insertion/eilinna - 12671850 - explicit - 2510ccf5c44a5c2030ed619be2f0f4a9.jpg,124381,2510ccf5c44a5c2030ed619be2f0f4a9
Garçons (Gelbooru),anal_object_insertion/finch_(blanc1771) - 12943184 - explicit - 43ad2c8cd20c356cd8a2cc3285f110ca.jpg,264895,43ad2c8cd20c356cd8a2cc3285f110ca
Garçons (Gelbooru),anal_object_insertion/gins - 9273766 - explicit - 7a35d5c338c19ddfb102f12e8d5a829b.jpg,285011,7a35d5c338c19ddfb102f12e8d5a829b
Garçons (Gelbooru),anal_object_insertion/gojarun - 10279723 - explicit - cb11adaabd2fcd90947800ede6b8275d.jpg,81491,cb11adaabd2fcd90947800ede6b8275d
Garçons (Gelbooru),anal_object_insertion/hayashi_(nnnsf) - 3206828 - explicit - 603948fbf07568b3a7113e577f4bd54c.png,641978,603948fbf07568b3a7113e577f4bd54c
Garçons (Gelbooru),anal_object_insertion/hinahara_hajime - 1980738 - explicit - 4f0c6ab8540fe247f9584cbd6893431b.jpg,197353,4f0c6ab8540fe247f9584cbd6893431b
Garçons (Gelbooru),anal_object_insertion/hwan_(mob_hwan) - 7313302 - questionable - 14d79ece43313c4c76e848c8bff66661.jpg,311443,14d79ece43313c4c76e848c8bff66661
Garçons (Gelbooru),anal_object_insertion/ikezaki_misa - 3260201 - questionable - c240a79bf9dfc4de99cedea321c04960.png,268437,c240a79bf9dfc4de99cedea321c04960
Garçons (Gelbooru),anal_object_insertion/iroha741852963 - 8190667 - explicit - 91ffcceb116b3b3bbc1c4e517afff30a.jpg,144391,91ffcceb116b3b3bbc1c4e517afff30a
Garçons (Gelbooru),anal_object_insertion/kareac - 11574260 - explicit - 79d466d2c36da3f0237cc55e9458d2b4.jpg,134264,79d466d2c36da3f0237cc55e9458d2b4
Garçons (Gelbooru),anal_object_insertion/kon_(pixiv14279210) - 12224461 - explicit - 56770ff56907dcf06effa2df422e6310.jpg,127993,56770ff56907dcf06effa2df422e6310
Garçons (Gelbooru),anal_object_insertion/lan_mao_akko - 6065250 - explicit - 705a4946a84bdd3e027fc0b8499dfbe0.jpg,274422,705a4946a84bdd3e027fc0b8499dfbe0
Garçons (Gelbooru),anal_object_insertion/legacy_zechs - 9900849 - explicit - e3cd33599860896d5861e644efbaf966.jpg,257990,e3cd33599860896d5861e644efbaf966
Garçons (Gelbooru),anal_object_insertion/menokonome - 5375121 - explicit - b9850a9c6423852008535059c115637e.jpg,83699,b9850a9c6423852008535059c115637e
Garçons (Gelbooru),anal_object_insertion/mizuki - 7447894 - explicit - 65bb56f8e9d622f5be83efca724da6ff.jpg,171756,65bb56f8e9d622f5be83efca724da6ff
Garçons (Gelbooru),anal_object_insertion/moko_(gloriaaaaaa) - 8672444 - explicit - 5dc561a85bfb49b64eef1f2ce32ca5c6.jpg,431979,5dc561a85bfb49b64eef1f2ce32ca5c6
Garçons (Gelbooru),anal_object_insertion/mondi_hl - 5706297 - explicit - 91fd4b2be91f7e376472adbb957342fb.jpg,165095,91fd4b2be91f7e376472adbb957342fb
Garçons (Gelbooru),anal_object_insertion/namae_nayami-chu - 9220949 - explicit - 67806ea8b6e0c919cf6f5da9601ef724.jpg,313493,67806ea8b6e0c919cf6f5da9601ef724
Garçons (Gelbooru),anal_object_insertion/namae_nayami-chu - 9243069 - explicit - be74f5b6f74834f0c1a9f5e6396ab42d.jpg,336317,be74f5b6f74834f0c1a9f5e6396ab42d
Garçons (Gelbooru),anal_object_insertion/nponpo4 - 7368504 - explicit - f68f6adbfce443ee2e7eed9e52b84496.jpg,327114,f68f6adbfce443ee2e7eed9e52b84496
Garçons (Gelbooru),anal_object_insertion/nyantcha - 8851847 - explicit - c1179d7ca7ff4948f3a2e92059976250.jpg,417539,c1179d7ca7ff4948f3a2e92059976250
Garçons (Gelbooru),anal_object_insertion/oekakixx - 10982272 - explicit - 6947423c705e81e4f536bbd5dfaa4783.jpg,173979,6947423c705e81e4f536bbd5dfaa4783
Garçons (Gelbooru),anal_object_insertion/puru - 11584812 - explicit - f2d6633349e511db136f9e0797fa087e.jpg,167474,f2d6633349e511db136f9e0797fa087e
Garçons (Gelbooru),anal_object_insertion/ridinrapids - 11254340 - explicit - 8d51994ced465210fa2795f2c0568ace.jpg,328642,8d51994ced465210fa2795f2c0568ace
Garçons (Gelbooru),anal_object_insertion/rynanakagawa - 9714749 - explicit - c4adc31825de607e5b65d50e31e11679.jpg,139711,c4adc31825de607e5b65d50e31e11679
Garçons (Gelbooru),anal_object_insertion/saen - 7215375 - explicit - 5027109139462c624729c777f4070f97.png,495650,5027109139462c624729c777f4070f97
Garçons (Gelbooru),anal_object_insertion/shiory - 3436317 - explicit - e2eb45ee9470db0bd3835a96ec82aa60.jpg,80618,e2eb45ee9470db0bd3835a96ec82aa60
Garçons (Gelbooru),anal_object_insertion/steamed_egg - 9137589 - explicit - 55e487285d07fccdd77042137ae4e982.jpg,95630,55e487285d07fccdd77042137ae4e982
Garçons (Gelbooru),anal_object_insertion/tamabon_(koutetsu_shabondama) - 8385995 - explicit - efe3187bd264eace8e1547236c6e8439.jpg,346927,efe3187bd264eace8e1547236c6e8439
Garçons (Gelbooru),anal_object_insertion/teniya_yoshiwaki - 9728468 - explicit - 4e9019631cb381811d487c5093281af5.jpg,224097,4e9019631cb381811d487c5093281af5
Garçons (Gelbooru),anal_object_insertion/umetori_uriri - 3633634 - explicit - 475b0aa72378c9deff48a6adb51acab3.jpg,120706,475b0aa72378c9deff48a6adb51acab3
Garçons (Gelbooru),anal_object_insertion/veggiemist - 12982277 - explicit - 2ecb9d9d27a04e903b28c82e0e4bb7e7.jpg,134077,2ecb9d9d27a04e903b28c82e0e4bb7e7
Garçons (Gelbooru),anal_object_insertion/vuri - 3543136 - explicit - 902fcb2f5d9f87efcf33d2e957777218.png,122941,902fcb2f5d9f87efcf33d2e957777218
Garçons (Gelbooru),anal_object_insertion/weiss_(artist) - 7242467 - explicit - fd0a853a8c4f929271561b107d243458.jpg,380956,fd0a853a8c4f929271561b107d243458
Garçons (Gelbooru),anal_object_insertion/yoruhachi - 8186209 - explicit - f83a512f55acf41516c133300e729e1e.jpg,279707,f83a512f55acf41516c133300e729e1e
Garçons (Gelbooru),anal_object_insertion/yoruhachi - 9714385 - questionable - 64d5169e280ae4889a080e539ac77926.jpg,130182,64d5169e280ae4889a080e539ac77926
Garçons (Gelbooru),anal_object_insertion/yuzumiya_mono - 4241740 - explicit - 613120a72493bae6ca11ee8876cf2ca7.png,327118,613120a72493bae6ca11ee8876cf2ca7
Garçons (Gelbooru),anal_object_insertion/yuzumiya_mono - 5339937 - explicit - fd759ad007254bc8ddaf6f2593b805da.png,391371,fd759ad007254bc8ddaf6f2593b805da
Garçons (Gelbooru),anal_object_insertion/zatou - 5013154 - explicit - 50625d947de39aa6ee824b2c7dce78b6.jpg,70202,50625d947de39aa6ee824b2c7dce78b6
Garçons (Gelbooru),anal_tail/jeje_(pixiv12541114) - 2843303 - questionable - 5aafd1194c08f5be4b9d0dfc5d4f1577.png,84940,5aafd1194c08f5be4b9d0dfc5d4f1577
Garçons (Gelbooru),androgynous/5saiji - 4848313 - questionable - 00b47fc3a9dc75f92530ff7c3db95149.jpg,147619,00b47fc3a9dc75f92530ff7c3db95149
Garçons (Gelbooru),androgynous/agawa_ryou - 3444182 - explicit - a4ac0e3e4ba383eae64cf7abbeb92e6b.png,80374,a4ac0e3e4ba383eae64cf7abbeb92e6b
Garçons (Gelbooru),androgynous/bara_(03_bara_) - 5490843 - sensitive - a40be36fb5157b6f9be50992c7dc8298.png,458557,a40be36fb5157b6f9be50992c7dc8298
Garçons (Gelbooru),androgynous/chobonu - 9987127 - questionable - bb396d4b9c775a580a3528f7d91d0f48.jpg,156980,bb396d4b9c775a580a3528f7d91d0f48
Garçons (Gelbooru),androgynous/coin_rand - 3086577 - sensitive - 818d99d33632ebb225af80ac7828fa7a.jpg,88302,818d99d33632ebb225af80ac7828fa7a
Garçons (Gelbooru),androgynous/cyacyacyacyaki - 12909472 - questionable - cea8267147bf1b70a5bca9931b9729d7.jpg,284693,cea8267147bf1b70a5bca9931b9729d7
Garçons (Gelbooru),androgynous/gomicake - 4823561 - explicit - 6251fe9514e485b8070b8bf16ae5bbc2.jpg,47729,6251fe9514e485b8070b8bf16ae5bbc2
Garçons (Gelbooru),androgynous/harano - 2070294 - sensitive - c2d6cfa5ce3214f8df17f23b66050d79.jpg,122442,c2d6cfa5ce3214f8df17f23b66050d79
Garçons (Gelbooru),androgynous/izumi_(nagashi) - 1796733 - sensitive - 6ccbd25fb83c8af6374acc688bd46f40.jpg,137852,6ccbd25fb83c8af6374acc688bd46f40
Garçons (Gelbooru),androgynous/jinkei - 12226493 - sensitive - ab9a9ab509c9157667912d68d48165da.png,438471,ab9a9ab509c9157667912d68d48165da
Garçons (Gelbooru),androgynous/kyantama_land - 3157211 - explicit - 5d8bf7060572874affd76d4115f473c5.jpg,101391,5d8bf7060572874affd76d4115f473c5
Garçons (Gelbooru),androgynous/miri_(cherryjelly) - 6713089 - explicit - a974a7f0bb5b83d4e1ac54d8f8b0b73a.png,101197,a974a7f0bb5b83d4e1ac54d8f8b0b73a
Garçons (Gelbooru),androgynous/mustee - 10020021 - questionable - 06ca8ea1ad544810894a4b47694f2409.jpg,171373,06ca8ea1ad544810894a4b47694f2409
Garçons (Gelbooru),androgynous/nejikos - 2314439 - explicit - 556999d4187e100c257ee4a7a7452e50.png,131282,556999d4187e100c257ee4a7a7452e50
Garçons (Gelbooru),androgynous/ojisan_nyan - 7743383 - sensitive - 7560b93746cccaf3f5ff638abe85e74a.jpg,128514,7560b93746cccaf3f5ff638abe85e74a
Garçons (Gelbooru),androgynous/seitarou - 7876584 - sensitive - cf168ccac6a53d27a2786b364a826ef3.jpg,96952,cf168ccac6a53d27a2786b364a826ef3
Garçons (Gelbooru),androgynous/sena_kizahashi - 10346415 - questionable - 1159d2b7e0ce3f912cd0b94bbc03d74f.jpg,129053,1159d2b7e0ce3f912cd0b94bbc03d74f
Garçons (Gelbooru),Animal ears/animal_ears cat_ears/anonymous - 9120397 - sensitive - 8b1edf193a4aa96454b0d1a7f5e954d2.jpg,237048,8b1edf193a4aa96454b0d1a7f5e954d2
Garçons (Gelbooru),Animal ears/animal_ears cat_ears/ma_d_k_89 - 9490613 - sensitive - 0f58173673bf35ef9e0fa7966ea18761.jpg,117257,0f58173673bf35ef9e0fa7966ea18761
Garçons (Gelbooru),Animal ears/animal_ears cat_ears/ma_d_k_89 - 9978994 - sensitive - 72e3ffe7b05d254d170b6da740286920.jpg,210544,72e3ffe7b05d254d170b6da740286920
Garçons (Gelbooru),Animal ears/animal_ears cat_ears/seitarou - 3447022 - sensitive - e6b407239aeb33d82b43cd7efbd3da95.jpg,81014,e6b407239aeb33d82b43cd7efbd3da95
Garçons (Gelbooru),Animal ears/animal_ears cat_ears/yamabuki_(yamabuki_xxxxx) - 9685298 - general - b9d824178842da3ad84c61f1c7a7210e.jpg,62724,b9d824178842da3ad84c61f1c7a7210e
Garçons (Gelbooru),Animal ears/animal_ears dog_ears/anonymous - 13095908 - sensitive - bbd1563cfd6696f0139038cd3b9a0102.jpg,463508,bbd1563cfd6696f0139038cd3b9a0102
Garçons (Gelbooru),Animal ears/animal_ears dog_ears/jujeop - 10606694 - sensitive - 1b2e0c3cbab53de8b0981c3d8871b819.jpg,186583,1b2e0c3cbab53de8b0981c3d8871b819
Garçons (Gelbooru),Animal ears/animal_ears dog_ears/jujeop - 9512947 - sensitive - dcdb0f29b0d7bc4ca7a8c70332820442.jpg,162496,dcdb0f29b0d7bc4ca7a8c70332820442
Garçons (Gelbooru),Animal ears/animal_ears dog_ears/lalatia-meai - 7199097 - sensitive - 769d646c163554e3705c4d300cf30556.jpg,185697,769d646c163554e3705c4d300cf30556
Garçons (Gelbooru),Animal ears/animal_ears fake_animal_ears/alterkyon - 13022613 - explicit - 8e3b7c8b77eac4dfd06905b0374fa312.jpg,297330,8e3b7c8b77eac4dfd06905b0374fa312
Garçons (Gelbooru),Animal ears/animal_ears fake_animal_ears/jtveemo - 8108499 - explicit - 12061e655d543c6fcfd139a10172173b.png,264489,12061e655d543c6fcfd139a10172173b
Garçons (Gelbooru),Animal ears/animal_ears fake_animal_ears/konbu_wakame - 4813202 - questionable - fb30f6c38f9af26e7a64d8e125f9b400.jpg,145219,fb30f6c38f9af26e7a64d8e125f9b400
Garçons (Gelbooru),Animal ears/animal_ears fake_animal_ears/onglai87 - 7651732 - questionable - 387cdf618e3986480140de2622733372.jpg,154094,387cdf618e3986480140de2622733372
Garçons (Gelbooru),Animal ears/animal_ears fake_animal_ears/zashima - 13272555 - sensitive - 1f75440b05e5456ff458d2b0ed52ecab.jpg,238287,1f75440b05e5456ff458d2b0ed52ecab
Garçons (Gelbooru),Animal ears/animal_ears rabbit_ears fake_animal_ears/imamiya_pinoko - 6914603 - sensitive - 4ad25d6244eddc7981e621fdfa81ec73.jpg,153350,4ad25d6244eddc7981e621fdfa81ec73
Garçons (Gelbooru),Animal ears/animal_ears rabbit_ears fake_animal_ears/kadeart - 13310815 - sensitive - ff40bf8725232dce55a31c47d66e447a.jpg,66599,ff40bf8725232dce55a31c47d66e447a
Garçons (Gelbooru),Animal ears/animal_ears rabbit_ears fake_animal_ears/zuwai_kani - 3873880 - questionable - a1d478756e7d50ce12cf9f581e1d6b0d.jpg,47399,a1d478756e7d50ce12cf9f581e1d6b0d
Garçons (Gelbooru),Animal ears/animal_ears rabbit_ears/imamiya_pinoko - 9003597 - sensitive - 90b85a8c5f72bf58360eb787bdba88a3.jpg,268106,90b85a8c5f72bf58360eb787bdba88a3
Garçons (Gelbooru),Animal ears/animal_ears wolf_ears/legacy_zechs - 13382278 - explicit - dc1bbc4ea2e29c8192a0020751730e3b.jpg,344194,dc1bbc4ea2e29c8192a0020751730e3b
Garçons (Gelbooru),Animal ears/animal_ears/an_choby - 7956555 - sensitive - 6ba4f51e6e6e62f24942cc967929dfa2.jpg,275969,6ba4f51e6e6e62f24942cc967929dfa2
Garçons (Gelbooru),Animal ears/animal_ears/an_choby - 7984009 - sensitive - 7b7d7cbfb8d35f8b07eb25d0c209f333.jpg,188196,7b7d7cbfb8d35f8b07eb25d0c209f333
Garçons (Gelbooru),Animal ears/animal_ears/an_choby - 8024174 - sensitive - 93feb4267f6828c5da7f5251efdcef59.jpg,156158,93feb4267f6828c5da7f5251efdcef59
Garçons (Gelbooru),Animal ears/animal_ears/anonymous - 3905269 - sensitive - af7a2eb81c0517e622b9571f1834c9d4.jpg,132342,af7a2eb81c0517e622b9571f1834c9d4
Garçons (Gelbooru),Animal ears/animal_ears/anonymous - 3905274 - sensitive - 3d1343393e1b9e06c424f1ec154850de.jpg,118759,3d1343393e1b9e06c424f1ec154850de
Garçons (Gelbooru),Animal ears/animal_ears/anonymous - 4486282 - sensitive - 3ed796f9b3a09f2588991a1aa95f9dc6.jpg,398370,3ed796f9b3a09f2588991a1aa95f9dc6
Garçons (Gelbooru),Animal ears/animal_ears/anonymous - 8108662 - sensitive - d6f45567a341aa5c9fc00b10785def5b.jpg,67120,d6f45567a341aa5c9fc00b10785def5b
Garçons (Gelbooru),Animal ears/animal_ears/arsh_(thestarwish) - 7785327 - sensitive - 528a8458ecef9af23026fe3ecd9a2a73.png,725693,528a8458ecef9af23026fe3ecd9a2a73
Garçons (Gelbooru),Animal ears/animal_ears/coin_rand - 2325657 - sensitive - d6b02ca81f90d31b43109baf7c7e2bdc.jpg,181684,d6b02ca81f90d31b43109baf7c7e2bdc
Garçons (Gelbooru),Animal ears/animal_ears/doro9363 - 8228363 - questionable - a2f4f89a3fe7b39271d19df8c0094c9c.png,1240178,a2f4f89a3fe7b39271d19df8c0094c9c
Garçons (Gelbooru),Animal ears/animal_ears/imamiya_pinoko - 12588601 - sensitive - 33a8db07c86c24e6b80499e10105a2c4.jpg,260177,33a8db07c86c24e6b80499e10105a2c4
Garçons (Gelbooru),Animal ears/animal_ears/matthew_(1814323273) - 6234359 - sensitive - e9b91b062a3da03bd3bd96d0d8eaa1bf.png,603085,e9b91b062a3da03bd3bd96d0d8eaa1bf
Garçons (Gelbooru),Animal ears/animal_ears/maviss_03 - 13284617 - sensitive - a7579b3a542b92972f2e9d9cc5174d48.jpg,168198,a7579b3a542b92972f2e9d9cc5174d48
Garçons (Gelbooru),Animal ears/animal_ears/mazamuno - 7923257 - questionable - a5453db3ced5ba69334f86a2c38ecf59.png,1121532,a5453db3ced5ba69334f86a2c38ecf59
Garçons (Gelbooru),Animal ears/animal_ears/miri_(cherryjelly) - 6798123 - questionable - 049e69288f92cd08b224e9a996c6e68e.png,101233,049e69288f92cd08b224e9a996c6e68e
Garçons (Gelbooru),Animal ears/animal_ears/nagisamatsumae - 7825556 - sensitive - b03b3259ffcc12e9a161ddf8eb1b942a.png,202246,b03b3259ffcc12e9a161ddf8eb1b942a
Garçons (Gelbooru),Animal ears/animal_ears/natsuki_marina - 5784576 - explicit - ef44144b5d0d5eed9ab26880cf7fe91c.jpg,77071,ef44144b5d0d5eed9ab26880cf7fe91c
Garçons (Gelbooru),Animal ears/animal_ears/ohisashiburi - 5355494 - sensitive - 573ca662219a4ca667d6865e11cc732e.jpg,76218,573ca662219a4ca667d6865e11cc732e
Garçons (Gelbooru),Animal ears/animal_ears/pepero_(prprlo) - 7688983 - explicit - 940087762c940c1ee34a363f590e3293.jpg,135138,940087762c940c1ee34a363f590e3293
Garçons (Gelbooru),Animal ears/animal_ears/pon_zares - 5809709 - questionable - 3b573833ffd42cbd959f87334d70f793.jpg,244676,3b573833ffd42cbd959f87334d70f793
Garçons (Gelbooru),Animal ears/animal_ears/procksy - 5225591 - explicit - 143db69176e55f685cae43a12abf374f.jpg,123618,143db69176e55f685cae43a12abf374f
Garçons (Gelbooru),Animal ears/animal_ears/st_(youx1119) - 6434000 - sensitive - b5b1e5149146a96eda4f42526b42837e.jpg,165023,b5b1e5149146a96eda4f42526b42837e
Garçons (Gelbooru),Animal ears/fake_animal_ears/amido_(compassion273) - 7055192 - sensitive - 25284cb67bf85f0cae819918dab7209a.jpg,200852,25284cb67bf85f0cae819918dab7209a
Garçons (Gelbooru),Animal ears/fake_animal_ears/asa_ifrit_(asaifrit) - 11297485 - explicit - 0d1f41b0169a9e280fbfcaf06cded303.jpg,197460,0d1f41b0169a9e280fbfcaf06cded303
Garçons (Gelbooru),Animal ears/fake_animal_ears/hism_25_(tsumari) - 8691999 - questionable - fc1750f28c1b29db665568c8a547d110.jpg,200649,fc1750f28c1b29db665568c8a547d110
Garçons (Gelbooru),Animal ears/fake_animal_ears/ohayousan_084 - 7974107 - questionable - fa70e8c1c653ea565b599a744b52d399.jpg,232871,fa70e8c1c653ea565b599a744b52d399
Garçons (Gelbooru),Animal ears/fake_animal_ears/omiyacha - 7608062 - questionable - edb30df8bbfe84ae29a5ae61409e743b.png,588278,edb30df8bbfe84ae29a5ae61409e743b
Garçons (Gelbooru),barbarian/otton - 3707171 - sensitive - 5732e85c8227b1639a8c74532626bab7.png,311696,5732e85c8227b1639a8c74532626bab7
Garçons (Gelbooru),baseball_cap/haoro - 9742807 - sensitive - b24ce9c4050cd9270b0b66b4dc48606b.png,130468,b24ce9c4050cd9270b0b66b4dc48606b
Garçons (Gelbooru),baseball_cap/kana_(kana_mtftg) - 6627127 - explicit - c53dc700d9417b7190648876a8f64dba.jpg,193889,c53dc700d9417b7190648876a8f64dba
Garçons (Gelbooru),bdsm bound squatting/tubumi - 4364446 - explicit - d4cab3fcfdfb64299065b25621b1874e.jpg,152882,d4cab3fcfdfb64299065b25621b1874e
Garçons (Gelbooru),bdsm bound/rapbitan - 7158490 - explicit - 900713df661e7e2888f012afccc6872d.jpg,289835,900713df661e7e2888f012afccc6872d
Garçons (Gelbooru),bdsm/aminor - 7509777 - explicit - 8c663d7df60c11fdf7b6a36af25aafcb.jpg,250481,8c663d7df60c11fdf7b6a36af25aafcb
Garçons (Gelbooru),bdsm/anonymous - 7329995 - questionable - 2357092c362190831486be5f12064145.png,433436,2357092c362190831486be5f12064145
Garçons (Gelbooru),bdsm/arsh_(thestarwish) - 7380615 - explicit - 1bae37dc6e6ac15cbe187864c09ea019.jpg,152676,1bae37dc6e6ac15cbe187864c09ea019
Garçons (Gelbooru),bdsm/asutarou - 3682492 - explicit - 7e91047b16f7ae32561d9fd91bee0127.jpg,94535,7e91047b16f7ae32561d9fd91bee0127
Garçons (Gelbooru),bdsm/bdsm ball_gag gagged chain cuffs handcuffs/less_end - 6968496 - explicit - 644bba7e6cd309aa4e015f69d33eaab7.jpg,82989,644bba7e6cd309aa4e015f69d33eaab7
Garçons (Gelbooru),bdsm/bdsm ball_gag/aian - 5653987 - explicit - 6486acf85a001860d3c8f9cde468b813.jpg,149070,6486acf85a001860d3c8f9cde468b813
Garçons (Gelbooru),bdsm/bdsm blindfold/anonymous - 4563722 - explicit - c0269f40584702b6944bcecfd279d835.png,553047,c0269f40584702b6944bcecfd279d835
Garçons (Gelbooru),bdsm/bdsm chain cuffs/anonymous - 6687601 - questionable - 597623104088cd7c292e7f878c925564.jpg,295740,597623104088cd7c292e7f878c925564
Garçons (Gelbooru),bdsm/bdsm chain/arsh_(thestarwish) - 7380618 - explicit - fc4da5f73cf2195303f2afd93c2cd182.jpg,121542,fc4da5f73cf2195303f2afd93c2cd182
Garçons (Gelbooru),bdsm/bdsm chain/makuro - 6160795 - explicit - f14ad42b1247e9f353a79f005d6c4fda.png,553038,f14ad42b1247e9f353a79f005d6c4fda
Garçons (Gelbooru),bdsm/bdsm gagged chain/jimmy2929 - 11195355 - questionable - 2a7082aa49940d0f364110b51de822e7.jpg,272643,2a7082aa49940d0f364110b51de822e7
Garçons (Gelbooru),bdsm/bdsm gagged leash/mondi_hl - 6120701 - explicit - e8e6e0862e0fd656fbe1dab38a8c7787.jpg,109478,e8e6e0862e0fd656fbe1dab38a8c7787
Garçons (Gelbooru),bdsm/bdsm gagged/seitarou - 7876646 - explicit - 82d6e4b18ec6919e1edf4cd16fa710c9.jpg,313220,82d6e4b18ec6919e1edf4cd16fa710c9
Garçons (Gelbooru),bdsm/bdsm leash chain/anonymous - 2970256 - explicit - 401d5818e2143fae2a7ee47e80de17d1.jpg,209836,401d5818e2143fae2a7ee47e80de17d1
Garçons (Gelbooru),bdsm/bdsm leash/ae_(aeiu4114) - 8801713 - explicit - ae622fafe49fdc0399ced1fecf7ca6ee.png,418992,ae622fafe49fdc0399ced1fecf7ca6ee
Garçons (Gelbooru),bdsm/bdsm leash/bbc-chan - 9285107 - explicit - 5db8bc6556368d2031397335aa9fcf0d.jpg,167399,5db8bc6556368d2031397335aa9fcf0d
Garçons (Gelbooru),bdsm/bdsm rope shibari ball_gag gagged suspension/jiang_qian_xiao - 13220992 - explicit - 6b63df3dd9dcc279f7bf085e86e05b75.jpg,229606,6b63df3dd9dcc279f7bf085e86e05b75
Garçons (Gelbooru),bdsm/bdsm rope shibari blindfold/yah_yah_6 - 6103807 - explicit - 8009c04cde0cca3caee19b6b9911cb72.png,347320,8009c04cde0cca3caee19b6b9911cb72
Garçons (Gelbooru),bdsm/bdsm rope shibari/nayoshi_(r-744) - 9249764 - questionable - 57079743a6abf4f513d3fefa7a67ba34.jpg,163198,57079743a6abf4f513d3fefa7a67ba34
Garçons (Gelbooru),bdsm/bdsm rope shibari/yah_yah_6 - 6103805 - explicit - fda35acfbf871b63ebe950b75e27d5a5.png,358710,fda35acfbf871b63ebe950b75e27d5a5
Garçons (Gelbooru),bdsm/bdsm rope/nenna - 6096898 - explicit - a466774b0692b99b4fe47849d6357399.jpg,131721,a466774b0692b99b4fe47849d6357399
Garçons (Gelbooru),bdsm/bdsm rope/todding - 7933960 - explicit - 7e39a9b1589a8f7e76a248f05475d750.jpg,131472,7e39a9b1589a8f7e76a248f05475d750
Garçons (Gelbooru),bdsm/bdsm shibari gagged blindfold/miga_(migao) - 11511888 - explicit - 7e9879c35c271f5aa38b69d040088616.jpg,209361,7e9879c35c271f5aa38b69d040088616
Garçons (Gelbooru),bdsm/bdsm tape_gag gagged leash/yamada_3 - 1408651 - explicit - 791880eccb5d07a47875bdf18fad4814.jpg,97820,791880eccb5d07a47875bdf18fad4814
Garçons (Gelbooru),bdsm/bdsm tape_gag gagged/chomuun - 7652681 - explicit - 24865a2512f9eaf68a62c57b46b19c46.jpg,153779,24865a2512f9eaf68a62c57b46b19c46
Garçons (Gelbooru),bdsm/bdsm/hej_(pixiv13035031) - 6513559 - explicit - e2c6d2242e1285288d98bbc1aba0dbb8.png,196757,e2c6d2242e1285288d98bbc1aba0dbb8
Garçons (Gelbooru),bdsm/beitemian - 13135117 - explicit - 818a43ec6e61522ea95f1146faf22498.jpg,347025,818a43ec6e61522ea95f1146faf22498
Garçons (Gelbooru),bdsm/ikemeru19 - 5229784 - sensitive - 2ee592f53feaf0226d4b77f0a8f6ffaa.jpg,94871,2ee592f53feaf0226d4b77f0a8f6ffaa
Garçons (Gelbooru),bdsm/jack_rockhardt - 11753398 - explicit - 7275f27a308dacf56970b051a3f8f4f3.jpg,143644,7275f27a308dacf56970b051a3f8f4f3
Garçons (Gelbooru),bdsm/kurohitsuji_th - 7173729 - explicit - ae98960e7d2ee91b892bc0630cfc77f9.jpg,168042,ae98960e7d2ee91b892bc0630cfc77f9
Garçons (Gelbooru),bdsm/noname_(nowhere) - 2964280 - explicit - 055b246e34baf6593b4cc0cf41011cbf.png,171163,055b246e34baf6593b4cc0cf41011cbf
Garçons (Gelbooru),bdsm/nuezou - 3591911 - questionable - dbfddecfefd943e0063d9be2d94f1fcb.jpg,94292,dbfddecfefd943e0063d9be2d94f1fcb
Garçons (Gelbooru),bdsm/schweinchen31 - 10625621 - explicit - 3c6ce11114a785f35550ea361947c6f9.jpg,219563,3c6ce11114a785f35550ea361947c6f9
Garçons (Gelbooru),bestiality/agemono - 2282208 - explicit - 8b9877516fb80e1deee9f5276ce69d3c.jpg,47463,8b9877516fb80e1deee9f5276ce69d3c
Garçons (Gelbooru),bestiality/asutarou - 3926497 - explicit - 5ac2227093b6775e4d8d6da5b958841d.jpg,56135,5ac2227093b6775e4d8d6da5b958841d
Garçons (Gelbooru),bestiality/docfriendo & doppel_(bonnypir) - 6255576 - explicit - 865301873590653778f6670fc8e3351c.jpg,337526,865301873590653778f6670fc8e3351c
Garçons (Gelbooru),bestiality/doppel_(bonnypir) - 5638671 - explicit - 9cb260aaea755bb1626d8036b1d91a7e.jpg,237983,9cb260aaea755bb1626d8036b1d91a7e
Garçons (Gelbooru),bestiality/idoraad - 8644199 - explicit - 151363012e5abf9c5db81cd8da700763.png,420241,151363012e5abf9c5db81cd8da700763
Garçons (Gelbooru),bestiality/kebin & kibin - 511455 - explicit - dad2c8be13a6f2f685520ca03e0a4915.jpg,44868,dad2c8be13a6f2f685520ca03e0a4915
Garçons (Gelbooru),bestiality/maruki_bunge - 1648695 - explicit - 6669c8e56b7f69e440a76589cdc6e282.png,150987,6669c8e56b7f69e440a76589cdc6e282
Garçons (Gelbooru),bestiality/min_(myna8247) - 9651129 - explicit - 66d7c348c7f204d91e03d33e51d29a62.jpg,210265,66d7c348c7f204d91e03d33e51d29a62
Garçons (Gelbooru),bestiality/shimotsuki_kitsune - 3117257 - explicit - 96266663a53904abb3fc05d97f204d18.png,63901,96266663a53904abb3fc05d97f204d18
Garçons (Gelbooru),bestiality/teba_motoko - 3728501 - explicit - fc0b946c6e6bceefb232c9a3ea2df8a4.png,237058,fc0b946c6e6bceefb232c9a3ea2df8a4
Garçons (Gelbooru),body_writing/anonymous - 3463404 - explicit - f47cdfb8f7bdfec61d894f4a641bd99f.jpg,96225,f47cdfb8f7bdfec61d894f4a641bd99f
Garçons (Gelbooru),body_writing/ereraero - 3597001 - explicit - dafb8b8651c5dde4152b40c60dc7f90d.jpg,155817,dafb8b8651c5dde4152b40c60dc7f90d
Garçons (Gelbooru),body_writing/geshkaw - 12658885 - explicit - 4521e4f1db5eee6c9fc429019a8615dd.jpg,222975,4521e4f1db5eee6c9fc429019a8615dd
Garçons (Gelbooru),bondage/anonymous - 13637556 - explicit - b229e564f990f0ea421a2a2e9df383f7.jpg,102392,b229e564f990f0ea421a2a2e9df383f7
Garçons (Gelbooru),bound restrained/hinahara_hajime - 8123787 - explicit - c0178651730399333401e432bf1ed59d.jpg,132705,c0178651730399333401e432bf1ed59d
Garçons (Gelbooru),bound/chihuri - 10797825 - general - 0547743ee59c9ebcb4e480937d1f4445.jpg,169360,0547743ee59c9ebcb4e480937d1f4445
Garçons (Gelbooru),bound/yamabuki_(yamabuki_xxxxx) - 10893980 - sensitive - ece87a8d33cd7eeec33b85722c024a2d.jpg,183613,ece87a8d33cd7eeec33b85722c024a2d
Garçons (Gelbooru),butt_plug/jiang_qian_xiao - 13118278 - explicit - 2fa877f4643062f209f510ab7114202c.jpg,216852,2fa877f4643062f209f510ab7114202c
Garçons (Gelbooru),butt_plug/jiang_qian_xiao - 13118286 - explicit - 4f320146a4b8463c10d77a8a15aa262d.jpg,224884,4f320146a4b8463c10d77a8a15aa262d
Garçons (Gelbooru),butt_plug/jiang_qian_xiao - 13403810 - explicit - 33a7e2e587ffdc3637d4920e828a0366.jpg,263153,33a7e2e587ffdc3637d4920e828a0366
Garçons (Gelbooru),butt_plug/makin_tama - 4956578 - explicit - 0585ebd7a8857eb7de4cdbb9cbb27637.png,578561,0585ebd7a8857eb7de4cdbb9cbb27637
Garçons (Gelbooru),butt_plug/maxal - 2988303 - explicit - 134915c8b5636f617799261eaa7743a5.jpg,66990,134915c8b5636f617799261eaa7743a5
Garçons (Gelbooru),butt_plug/saigi - 5829701 - explicit - f89e3a47b15d63136e81d5c6092e5ba0.jpg,83868,f89e3a47b15d63136e81d5c6092e5ba0
Garçons (Gelbooru),camera/srb7606 - 7100623 - sensitive - 53c789a4211da0301cb39ebd16179b5b.jpg,126383,53c789a4211da0301cb39ebd16179b5b
Garçons (Gelbooru),camera/tanjiu - 7700917 - general - eddfc5c485985fb15af3a900a2be7e8e.jpg,151750,eddfc5c485985fb15af3a900a2be7e8e
Garçons (Gelbooru),centauroid/3ccf5d43d9b45548d321217b627f7bd6.png,1615970,3ccf5d43d9b45548d321217b627f7bd6
Garçons (Gelbooru),centauroid/anonymous - 5131794 - sensitive - bc512eab75cbeb176d1e7f447e9495af.jpg,258875,bc512eab75cbeb176d1e7f447e9495af
Garçons (Gelbooru),centauroid/isaaki - 6507210 - general - e4b3a542a636ddea9e3d96d2f6f942e0.jpg,147777,e4b3a542a636ddea9e3d96d2f6f942e0
Garçons (Gelbooru),chair/anonymous - 13655303 - sensitive - 8b3411c58c0d8b5df9078962504deaf6.jpg,149987,8b3411c58c0d8b5df9078962504deaf6
Garçons (Gelbooru),chair/as4_s2 - 11588118 - general - 180572a1f89e72f0249279a4936a5ed9.jpg,272981,180572a1f89e72f0249279a4936a5ed9
Garçons (Gelbooru),chastity_cage/abyonus - 13679570 - explicit - 01481aa76273b936168b29f26282354a.png,557861,01481aa76273b936168b29f26282354a
Garçons (Gelbooru),chastity_cage/alterkyon - 10746541 - explicit - e183e9b4fff42580c3a23d813c05edab.jpg,333682,e183e9b4fff42580c3a23d813c05edab
Garçons (Gelbooru),chastity_cage/alterkyon - 11138559 - explicit - 45b8e4ea6fbc3a8c0e04d14735b75271.jpg,275786,45b8e4ea6fbc3a8c0e04d14735b75271
Garçons (Gelbooru),chastity_cage/ameya - 6479379 - questionable - 4311e3c3c3fa7e3f2a83a9f3088aa508.jpg,147770,4311e3c3c3fa7e3f2a83a9f3088aa508
Garçons (Gelbooru),chastity_cage/anonymous - 4327704 - explicit - 0ca863a9bf8fc097321bc48e0329144e.jpg,126188,0ca863a9bf8fc097321bc48e0329144e
Garçons (Gelbooru),chastity_cage/baiwa & byefrog - 6275841 - explicit - c18d3aebce106f1072d1861dac4aaa6d.jpg,166534,c18d3aebce106f1072d1861dac4aaa6d
Garçons (Gelbooru),chastity_cage/chawanmushi_(steamedeggz) - 6448502 - explicit - 8e2fdfa49fc602848ea7d1d7c8e08fb5.jpg,80380,8e2fdfa49fc602848ea7d1d7c8e08fb5
Garçons (Gelbooru),chastity_cage/chawanmushi_(steamedeggz) - 7447426 - explicit - 2ab68e2cdf361f6a5fcf7ed60ca446f3.jpg,101452,2ab68e2cdf361f6a5fcf7ed60ca446f3
Garçons (Gelbooru),chastity_cage/combos_&_doodles - 10914902 - explicit - c2fd10b3b71dd86b3027fcdc6bd97c18.jpg,95782,c2fd10b3b71dd86b3027fcdc6bd97c18
Garçons (Gelbooru),chastity_cage/combos_&_doodles - 7836279 - explicit - 9cca8d84daa6e9a2ee5af6b03d975553.jpg,118661,9cca8d84daa6e9a2ee5af6b03d975553
Garçons (Gelbooru),chastity_cage/combos_&_doodles - 9600379 - explicit - cbd717dde9dec723a5d68c9e6c54b813.jpg,165208,cbd717dde9dec723a5d68c9e6c54b813
Garçons (Gelbooru),chastity_cage/frogzone_art - 10291883 - explicit - 96d4f69d3569bb3cfbd18f612630bc90.jpg,185460,96d4f69d3569bb3cfbd18f612630bc90
Garçons (Gelbooru),chastity_cage/frogzone_art - 7443299 - explicit - 42fa11612b9b8b0e99de013acc8073bb.jpg,166853,42fa11612b9b8b0e99de013acc8073bb
Garçons (Gelbooru),chastity_cage/frogzone_art - 7995559 - explicit - ea5ae71f18570e64b7ed2c9872e3ac4b.jpg,235103,ea5ae71f18570e64b7ed2c9872e3ac4b
Garçons (Gelbooru),chastity_cage/gins - 10716791 - explicit - 874bbff57af65754678caf206e468435.jpg,243974,874bbff57af65754678caf206e468435
Garçons (Gelbooru),chastity_cage/heeueung - 12529983 - explicit - c4e2f93c6de606a2339f0cc188a115ca.jpg,370874,c4e2f93c6de606a2339f0cc188a115ca
Garçons (Gelbooru),chastity_cage/hokuro_ryuuseigun - 6293213 - explicit - 594a922b31933c9bffd9994a6a5e8e2e.jpg,127748,594a922b31933c9bffd9994a6a5e8e2e
Garçons (Gelbooru),chastity_cage/hokuro_ryuuseigun - 7999718 - explicit - c516caf2724b3aba037d085cee1da437.jpg,64057,c516caf2724b3aba037d085cee1da437
Garçons (Gelbooru),chastity_cage/horny_oni - 6655319 - explicit - 5d681bbf9a0c3b2b8f29e52f13b88435.png,817537,5d681bbf9a0c3b2b8f29e52f13b88435
Garçons (Gelbooru),chastity_cage/ikemeru19 - 8206261 - questionable - a289b812d87f5e83aa40e277ec8d9625.jpg,135378,a289b812d87f5e83aa40e277ec8d9625
Garçons (Gelbooru),chastity_cage/jack_rockhardt - 12286055 - explicit - ecb8e87819feb42bed052ed19816f98d.jpg,78276,ecb8e87819feb42bed052ed19816f98d
Garçons (Gelbooru),chastity_cage/jackdraws1988 - 8945695 - explicit - df6e9498a237b84bf956350fbf4b4324.png,560510,df6e9498a237b84bf956350fbf4b4324
Garçons (Gelbooru),chastity_cage/kanoji_(ni_kanojo) - 13708914 - explicit - a5073e8a171601472a2b0ad9185d3b06.jpg,396029,a5073e8a171601472a2b0ad9185d3b06
Garçons (Gelbooru),chastity_cage/kimkun0162 - 7745758 - explicit - 7009c40ef6437f9e64d452fe9f78bff8.jpg,396940,7009c40ef6437f9e64d452fe9f78bff8
Garçons (Gelbooru),chastity_cage/kirushi - 8360869 - explicit - f70f5ee5434bc434732289c471eb2289.jpg,284935,f70f5ee5434bc434732289c471eb2289
Garçons (Gelbooru),chastity_cage/konery_(reasonyou) - 9407674 - explicit - 4126d0ffc65ba22402306a40f2b93969.jpg,186183,4126d0ffc65ba22402306a40f2b93969
Garçons (Gelbooru),chastity_cage/kousuke_(ko_suke) - 6325729 - explicit - 889c2f73c3e7718203feaa29092285af.jpg,252520,889c2f73c3e7718203feaa29092285af
Garçons (Gelbooru),chastity_cage/log_dog - 12253548 - questionable - 1964a701d6bc9be556c17fccf2e2bac6.jpg,159973,1964a701d6bc9be556c17fccf2e2bac6
Garçons (Gelbooru),chastity_cage/mark_zuckerberg_(chinpekomon) - 11699375 - explicit - 58b98cb7d367d0a62d080d0335992c4d.jpg,256903,58b98cb7d367d0a62d080d0335992c4d
Garçons (Gelbooru),chastity_cage/mondi_hl - 5706313 - explicit - 25324048308daf791ec596e339149b46.jpg,171281,25324048308daf791ec596e339149b46
Garçons (Gelbooru),chastity_cage/pepero_(prprlo) - 11619642 - explicit - 4b149947d4fbc29e6bb7629bfd1e68dc.jpg,127488,4b149947d4fbc29e6bb7629bfd1e68dc
Garçons (Gelbooru),chastity_cage/pepero_(prprlo) - 11718613 - explicit - 703a761e23802b1591b3d0950e73a05c.jpg,174697,703a761e23802b1591b3d0950e73a05c
Garçons (Gelbooru),chastity_cage/pepero_(prprlo) - 7623951 - explicit - 12363c3580e84bc465814f97360911f8.png,283539,12363c3580e84bc465814f97360911f8
Garçons (Gelbooru),chastity_cage/pepero_(prprlo) - 7937475 - explicit - a4601d5fffec776d40d19bc974d6257e.png,388326,a4601d5fffec776d40d19bc974d6257e
Garçons (Gelbooru),chastity_cage/pepero_(prprlo) - 7944004 - explicit - 8f4e90e0ffa758d790f7b777334025e2.png,454482,8f4e90e0ffa758d790f7b777334025e2
Garçons (Gelbooru),chastity_cage/pepero_(prprlo) - 8087630 - explicit - 52a82f8348fdf5466a714e196071d919.png,420149,52a82f8348fdf5466a714e196071d919
Garçons (Gelbooru),chastity_cage/pepero_(prprlo) - 8219681 - explicit - 283c2add37ad8c485a50893acdfd1cf9.png,333793,283c2add37ad8c485a50893acdfd1cf9
Garçons (Gelbooru),chastity_cage/pepero_(prprlo) - 8317828 - explicit - d96add80e6433391b8c931023ace8ee5.png,313825,d96add80e6433391b8c931023ace8ee5
Garçons (Gelbooru),chastity_cage/pepero_(prprlo) - 8345624 - explicit - 3ed3570f9626a371537eda5b1b2e5f89.png,185552,3ed3570f9626a371537eda5b1b2e5f89
Garçons (Gelbooru),chastity_cage/pepero_(prprlo) - 8681412 - explicit - 8f317f119e7b47529b3bd529b5b3dfd7.png,176535,8f317f119e7b47529b3bd529b5b3dfd7
Garçons (Gelbooru),chastity_cage/pepero_(prprlo) - 9202306 - explicit - 0e8154addc3a76a6f912a46d78d7fcd7.jpg,191475,0e8154addc3a76a6f912a46d78d7fcd7
Garçons (Gelbooru),chastity_cage/pepero_(prprlo) - 9202308 - explicit - 65b936ba24ec9f54445e076252919983.jpg,117027,65b936ba24ec9f54445e076252919983
Garçons (Gelbooru),chastity_cage/pepero_(prprlo) - 9352028 - explicit - 12519b502fb0b41d703d2b47fe707b6f.jpg,103194,12519b502fb0b41d703d2b47fe707b6f
Garçons (Gelbooru),chastity_cage/pepero_(prprlo) - 9545769 - explicit - 1fd5052157b32d6eb10f25bd2d0627ee.jpg,116754,1fd5052157b32d6eb10f25bd2d0627ee
Garçons (Gelbooru),chastity_cage/pepero_(prprlo) - 9775789 - explicit - 1f2d5e17b014fd035005e90ce481c6ea.jpg,152694,1f2d5e17b014fd035005e90ce481c6ea
Garçons (Gelbooru),chastity_cage/pop-pe_(artist) - 8090774 - explicit - 163de7f612841f77954160c1212a03c0.png,711745,163de7f612841f77954160c1212a03c0
Garçons (Gelbooru),chastity_cage/prettybusy_kr - 9391738 - sensitive - e42c19ba07d55340cf58c7f7a143cb73.jpg,536136,e42c19ba07d55340cf58c7f7a143cb73
Garçons (Gelbooru),chastity_cage/ratatatat74 - 8538688 - explicit - 2e0d6809ea70c8993ef960b8c2e428b6.jpg,167583,2e0d6809ea70c8993ef960b8c2e428b6
Garçons (Gelbooru),chastity_cage/redkeji - 10009788 - explicit - 894b9f35ab6a708aefa809ddffedaf8e.gif,13913601,894b9f35ab6a708aefa809ddffedaf8e
Garçons (Gelbooru),chastity_cage/romainxxx - 12204179 - explicit - 6bf65755dfd9e484e65900ae90599178.jpg,266123,6bf65755dfd9e484e65900ae90599178
Garçons (Gelbooru),chastity_cage/sakana888888888 - 7847625 - explicit - 4aba3f6e791412bf143d7614d2040fd2.jpg,329368,4aba3f6e791412bf143d7614d2040fd2
Garçons (Gelbooru),chastity_cage/samsara_(shuukeura) - 11079974 - explicit - 2a2b3e0e4b95d013e6e9d3a56a7178b7.jpg,169107,2a2b3e0e4b95d013e6e9d3a56a7178b7
Garçons (Gelbooru),chastity_cage/samsara_(shuukeura) - 5213353 - explicit - 046cb9c07cd470bb062e527c6b49e178.png,651891,046cb9c07cd470bb062e527c6b49e178
Garçons (Gelbooru),chastity_cage/samsara_(shuukeura) - 9107894 - explicit - 778a1f30a23ba50262818c23e4d159a4.jpg,171594,778a1f30a23ba50262818c23e4d159a4
Garçons (Gelbooru),chastity_cage/samsara_(shuukeura) - 9549800 - explicit - d709eaf64e260d17b3ce59112c359350.jpg,241056,d709eaf64e260d17b3ce59112c359350
Garçons (Gelbooru),chastity_cage/schweinchen31 - 11031822 - explicit - 333035b8478bac8ef87c104c0770a7d0.jpg,245968,333035b8478bac8ef87c104c0770a7d0
Garçons (Gelbooru),chastity_cage/schweinchen31 - 11186897 - explicit - d897b7594ba157f1dd8bdd04318c87c8.jpg,213562,d897b7594ba157f1dd8bdd04318c87c8
Garçons (Gelbooru),chastity_cage/seito_edaha - 10280013 - explicit - 02fc51be0d336c1ca13f9981c24c7815.jpg,256370,02fc51be0d336c1ca13f9981c24c7815
Garçons (Gelbooru),chastity_cage/smedart - 10123297 - explicit - 01f2fa9898c5febf139380a896ab6bc7.png,532383,01f2fa9898c5febf139380a896ab6bc7
Garçons (Gelbooru),chastity_cage/steamed_egg - 6499424 - explicit - 52e6cf7c66f8db422c8d64ad270b29b2.jpg,67344,52e6cf7c66f8db422c8d64ad270b29b2
Garçons (Gelbooru),chastity_cage/steamed_egg - 7559047 - explicit - cabd30e5b3bba4287adbdbda08135e13.jpg,169895,cabd30e5b3bba4287adbdbda08135e13
Garçons (Gelbooru),chastity_cage/toothbrush_(artist) - 10427223 - explicit - caded68806171e4ee3d68601dd006ff0.png,177685,caded68806171e4ee3d68601dd006ff0
Garçons (Gelbooru),chastity_cage/w_(1999_kyu) - 11249740 - explicit - 8b165414f141addf785fadd199306689.png,772856,8b165414f141addf785fadd199306689
Garçons (Gelbooru),chastity_cage/wataya - 6933115 - explicit - 44b32a1b1df6197a0631c7f79ac62cc1.jpg,232457,44b32a1b1df6197a0631c7f79ac62cc1
Garçons (Gelbooru),chastity_cage/wokada - 2780912 - explicit - 8ed35637744f6ad9db4dfe02c82455a7.png,473007,8ed35637744f6ad9db4dfe02c82455a7
Garçons (Gelbooru),chastity_cage/yah_yah_6 - 9545751 - explicit - f7b005410734651b731b20a6423c2c60.jpg,179369,f7b005410734651b731b20a6423c2c60
Garçons (Gelbooru),computer/lobsteranian - 8432712 - sensitive - 41e54cae2fdac004c7c879c5c95a83d4.jpg,393238,41e54cae2fdac004c7c879c5c95a83d4
Garçons (Gelbooru),condom_belt/anonymous - 8677892 - explicit - c2c34d84a4097a9c2f0eec0d8e5401cf.jpg,80566,c2c34d84a4097a9c2f0eec0d8e5401cf
Garçons (Gelbooru),condom_belt/harurukan - 12945558 - explicit - 5a8710ffda10fcd27081c2460451ab85.jpg,472820,5a8710ffda10fcd27081c2460451ab85
Garçons (Gelbooru),crossdressing/8c - 3839135 - questionable - 515cd9bd0c9fa6b553a1d46c1643180f.png,218444,515cd9bd0c9fa6b553a1d46c1643180f
Garçons (Gelbooru),crossdressing/abandon_ranka - 5079214 - sensitive - 2a8911f38b919a66929bf70d274c1767.jpg,95507,2a8911f38b919a66929bf70d274c1767
Garçons (Gelbooru),crossdressing/agawa_ryou - 5865258 - questionable - c4818bf7e8cbc231e389166f24a2b434.jpg,41054,c4818bf7e8cbc231e389166f24a2b434
Garçons (Gelbooru),crossdressing/aki_(645451622) - 2079345 - sensitive - cfbae7539cc30bcd4c238032c03416c3.jpg,196007,cfbae7539cc30bcd4c238032c03416c3
Garçons (Gelbooru),crossdressing/an_choby - 8904613 - questionable - 6b7ac32a99e1ef08d2c31fed94bb5ca3.jpg,162833,6b7ac32a99e1ef08d2c31fed94bb5ca3
Garçons (Gelbooru),crossdressing/an_choby - 8904654 - questionable - 47222a601f97b33fa85a508f1de7e449.jpg,119528,47222a601f97b33fa85a508f1de7e449
Garçons (Gelbooru),crossdressing/anonymous - 10415693 - questionable - f86fa2db222351f93e4e8c7fc5a66b01.png,305666,f86fa2db222351f93e4e8c7fc5a66b01
Garçons (Gelbooru),crossdressing/anonymous - 10506777 - explicit - 217669a11c69c04b8da8466bd855f424.jpg,219600,217669a11c69c04b8da8466bd855f424
Garçons (Gelbooru),crossdressing/anonymous - 10525254 - questionable - 4ce9535c1da91b8f6979db5463f4ac56.png,518548,4ce9535c1da91b8f6979db5463f4ac56
Garçons (Gelbooru),crossdressing/anonymous - 4383565 - questionable - 2083bf7c723b1315c3729b4372887542.jpg,97853,2083bf7c723b1315c3729b4372887542
Garçons (Gelbooru),crossdressing/anonymous - 5128816 - questionable - 8bea79bdadbf4bdca54e9a6a0d8516e9.png,572296,8bea79bdadbf4bdca54e9a6a0d8516e9
Garçons (Gelbooru),crossdressing/anonymous - 5534808 - questionable - b9583beb07e012d4fa95355382fbd4f7.jpg,147591,b9583beb07e012d4fa95355382fbd4f7
Garçons (Gelbooru),crossdressing/anonymous - 7354772 - general - 0042cc888a88b87703ecec52cb0a9f03.jpg,113861,0042cc888a88b87703ecec52cb0a9f03
Garçons (Gelbooru),crossdressing/anonymous - 7729599 - sensitive - 82ff064cc7a065d22a8722be397bd32f.jpg,116115,82ff064cc7a065d22a8722be397bd32f
Garçons (Gelbooru),crossdressing/anonymous - 8601272 - questionable - f6174aca7457ac7f686871b4792cfc84.jpg,171671,f6174aca7457ac7f686871b4792cfc84
Garçons (Gelbooru),crossdressing/aoyagi_kabota - 9125433 - questionable - 03b49dc505db61189d5c9caf25cdd274.jpg,111796,03b49dc505db61189d5c9caf25cdd274
Garçons (Gelbooru),crossdressing/axescr - 6990271 - sensitive - cf511aaf8246c0e5cdc9c2fc0d721392.png,860130,cf511aaf8246c0e5cdc9c2fc0d721392
Garçons (Gelbooru),crossdressing/comeo_(komeo15) - 5704324 - sensitive - 9d0e28b86206e3dff87df458b25dc3c0.png,355587,9d0e28b86206e3dff87df458b25dc3c0
Garçons (Gelbooru),crossdressing/faustsketcher - 3635927 - explicit - 5a6d2b58b544b53cded1c53cd16f1a8a.jpg,139782,5a6d2b58b544b53cded1c53cd16f1a8a
Garçons (Gelbooru),crossdressing/haida_katsuretsu - 6282296 - questionable - bf6a2f01d6c3c159affd63400d4e3c71.jpg,186918,bf6a2f01d6c3c159affd63400d4e3c71
Garçons (Gelbooru),crossdressing/haida_katsuretsu - 6343663 - questionable - 01b0b628b87feeac5590e7e9a919cc89.jpg,253434,01b0b628b87feeac5590e7e9a919cc89
Garçons (Gelbooru),crossdressing/hinoe_(dd_works) - 7664268 - sensitive - 35280ce2106139f09524a0896b41f561.jpg,126247,35280ce2106139f09524a0896b41f561
Garçons (Gelbooru),crossdressing/hokuro_ryuuseigun - 13798461 - sensitive - 059599c9fda6a2a69d88359fe7c8e2f0.jpg,158889,059599c9fda6a2a69d88359fe7c8e2f0
Garçons (Gelbooru),crossdressing/jeje_(pixiv12541114) - 2637695 - sensitive - 8e83a08db60010576bc105e7f6aee848.png,75945,8e83a08db60010576bc105e7f6aee848
Garçons (Gelbooru),crossdressing/jittsu - 8018183 - questionable - 8692299ecb516451823597147da7936e.png,524219,8692299ecb516451823597147da7936e
Garçons (Gelbooru),crossdressing/jittsu - 8035741 - questionable - e0ee579b9ee12ed2dfadafcfcae77b6d.png,497923,e0ee579b9ee12ed2dfadafcfcae77b6d
Garçons (Gelbooru),crossdressing/karasu_(jjwh2832) - 6767798 - questionable - 6aa6c321b395c681baea596be54bfb4c.jpg,214492,6aa6c321b395c681baea596be54bfb4c
Garçons (Gelbooru),crossdressing/kasukabe_akira - 654377 - questionable - c14c2dfac78234eae8bf8516e7b5e153.jpg,292100,c14c2dfac78234eae8bf8516e7b5e153
Garçons (Gelbooru),crossdressing/kujou_danbo - 6652353 - explicit - cf8b95ea319150e75fc6d7401888344d.png,223461,cf8b95ea319150e75fc6d7401888344d
Garçons (Gelbooru),crossdressing/maromayu - 7273939 - sensitive - 02f54baab119452881ba6b058b2444bf.jpg,211153,02f54baab119452881ba6b058b2444bf
Garçons (Gelbooru),crossdressing/master_maichin - 4973712 - questionable - 7319f64cf4d4ec4c81b32b1bd18f9603.jpg,62886,7319f64cf4d4ec4c81b32b1bd18f9603
Garçons (Gelbooru),crossdressing/nagano_rira - 5861033 - questionable - 21f348b01d4581baad143376fffd8654.jpg,108015,21f348b01d4581baad143376fffd8654
Garçons (Gelbooru),crossdressing/namihaya - 6860357 - questionable - 75b9f84d5b97ecf9b6a4ab8d4155286d.jpg,90733,75b9f84d5b97ecf9b6a4ab8d4155286d
Garçons (Gelbooru),crossdressing/oozutsu_cannon - 10189761 - explicit - 5ce11de034359d93c9fdc4ceaf09c803.png,214908,5ce11de034359d93c9fdc4ceaf09c803
Garçons (Gelbooru),crossdressing/pepero_(prprlo) - 6971245 - explicit - 13addf4525fe8f565483dc6f1fb73499.png,256131,13addf4525fe8f565483dc6f1fb73499
Garçons (Gelbooru),crossdressing/pepero_(prprlo) - 9419509 - explicit - c43f79920e6e19393b604d87f4dbda3f.jpg,106723,c43f79920e6e19393b604d87f4dbda3f
Garçons (Gelbooru),crossdressing/pukara - 4553172 - questionable - 245d4190e4b6ec6b5aa679e7ee9276ee.jpg,194621,245d4190e4b6ec6b5aa679e7ee9276ee
Garçons (Gelbooru),crossdressing/raitaroo - 10583910 - explicit - afd187349ab74ff5b43943bc64566622.jpg,94589,afd187349ab74ff5b43943bc64566622
Garçons (Gelbooru),crossdressing/sunaba_(nczd5875) - 7712712 - questionable - 75f0745d349f5c9645730ce4dc2678e4.jpg,65690,75f0745d349f5c9645730ce4dc2678e4
Garçons (Gelbooru),crossdressing/sunaba_(nczd5875) - 7975380 - explicit - 499a8527f567cc466b5bccee472a3226.jpg,107636,499a8527f567cc466b5bccee472a3226
Garçons (Gelbooru),crossdressing/tama_(tamatamo) - 3398251 - questionable - 8a10cf218ec08d05db1b32cb51d76593.jpg,63915,8a10cf218ec08d05db1b32cb51d76593
Garçons (Gelbooru),crossdressing/taono_kinoko - 3042367 - explicit - 59a178f413e566b407fe87bbe480aa68.png,262883,59a178f413e566b407fe87bbe480aa68
Garçons (Gelbooru),crossdressing/taroo_(610_uu) - 3428875 - explicit - 429e8433e565e74ecba9098a837d24c9.jpg,120047,429e8433e565e74ecba9098a837d24c9
Garçons (Gelbooru),crossdressing/taso_(harutsukimikan) - 7540166 - sensitive - c1cae8fc49be0a1149615070a9019d74.jpg,159941,c1cae8fc49be0a1149615070a9019d74
Garçons (Gelbooru),crossdressing/tawapo - 9144266 - questionable - 2084d003cef16e83fbaec5c50e4c3153.jpg,187163,2084d003cef16e83fbaec5c50e4c3153
Garçons (Gelbooru),crossdressing/toxxy - 2802140 - explicit - ff289f1d63146487450e405ba9a3df81.jpg,120406,ff289f1d63146487450e405ba9a3df81
Garçons (Gelbooru),crossdressing/yoruhachi - 8326891 - questionable - 59689128e51f965bc1fa85695286e0df.jpg,127634,59689128e51f965bc1fa85695286e0df
Garçons (Gelbooru),cuffs/anonymous - 1308214 - explicit - 778ea6689fb82632c6c3a3885aa306b6.jpg,83745,778ea6689fb82632c6c3a3885aa306b6
Garçons (Gelbooru),cuffs/anonymous - 14551917 - general - f88ecc777d430c98d7b59c2bcd4a3166.jpg,372665,f88ecc777d430c98d7b59c2bcd4a3166
Garçons (Gelbooru),cuffs/kainohito - 7808899 - sensitive - 1ab1b80c05aef359b3c35a46894258a8.jpg,193350,1ab1b80c05aef359b3c35a46894258a8
Garçons (Gelbooru),cuffs/merronng - 13574740 - sensitive - d6b2bc0ea0a41489ae316a3ea5a0b99e.jpg,441207,d6b2bc0ea0a41489ae316a3ea5a0b99e
Garçons (Gelbooru),cuffs/mo_(nmnme) - 3277180 - explicit - 73584da99297078d25965d7ca0aad77f.jpg,65766,73584da99297078d25965d7ca0aad77f
Garçons (Gelbooru),cum_in_mouth/anonymous - 11747526 - explicit - 772f96c1eabd2fab8a30d1683e544271.jpg,80871,772f96c1eabd2fab8a30d1683e544271
Garçons (Gelbooru),cum_in_mouth/beitemian - 10255865 - explicit - f52f72304ebfdfa956f2d7d0ea0164c6.jpg,280433,f52f72304ebfdfa956f2d7d0ea0164c6
Garçons (Gelbooru),cum_in_mouth/fugtrup - 10573607 - explicit - 1360381249456b23562d0aa217cbc93f.png,608362,1360381249456b23562d0aa217cbc93f
Garçons (Gelbooru),cum_in_mouth/hej_(pixiv13035031) - 6513561 - explicit - 5ae808a52af24b1347b7284d2a216a1e.png,481356,5ae808a52af24b1347b7284d2a216a1e
Garçons (Gelbooru),cum_in_mouth/ikukiri_yuri - 6873910 - explicit - 7ac0ac3cab9ed2c6bdb0ade581e090a9.jpg,489121,7ac0ac3cab9ed2c6bdb0ade581e090a9
Garçons (Gelbooru),cum_in_mouth/s-sorry - 9928307 - explicit - 3aae779ef97f4eb5ad0d74455ddccfa0.png,694951,3aae779ef97f4eb5ad0d74455ddccfa0
Garçons (Gelbooru),cum_in_mouth/samsara_(shuukeura) - 5348831 - explicit - 68ead7c9916918f592fd942f12124283.jpg,190980,68ead7c9916918f592fd942f12124283
Garçons (Gelbooru),cum_in_mouth/satyros - 2847052 - explicit - 44dd8865ff849c6dabca835d73232acf.jpg,268192,44dd8865ff849c6dabca835d73232acf
Garçons (Gelbooru),cum_in_mouth/turisasu - 10623497 - explicit - 3171e3f675a572c4bc08c786719f9f0b.jpg,232643,3171e3f675a572c4bc08c786719f9f0b
Garçons (Gelbooru),cum_on_face/amatake_akewo - 3834951 - explicit - 3208cc2324b6b14abd3baa6d756b00cc.jpg,246550,3208cc2324b6b14abd3baa6d756b00cc
Garçons (Gelbooru),cum_on_face/anonymous - 10585766 - explicit - 022ab93d19ff7abd38fada67f60c9714.png,330944,022ab93d19ff7abd38fada67f60c9714
Garçons (Gelbooru),cum_on_face/anonymous - 9868004 - explicit - 622aed19378fdadbefdbf3461ee66afc.jpg,163789,622aed19378fdadbefdbf3461ee66afc
Garçons (Gelbooru),cum_on_face/aogiri_penta - 2662799 - explicit - f83c2bb6e1334cb2ad256c97b2daa944.png,532575,f83c2bb6e1334cb2ad256c97b2daa944
Garçons (Gelbooru),cum_on_face/dannex009 - 10214984 - explicit - 930dfc7f6aab5164a27c6488e2feebb9.png,444511,930dfc7f6aab5164a27c6488e2feebb9
Garçons (Gelbooru),cum_on_face/saigi - 6919825 - explicit - cde672dff5985208cfe8ecf8ecd06a6f.jpg,99396,cde672dff5985208cfe8ecf8ecd06a6f
Garçons (Gelbooru),cum_on_face/zcik - 13526898 - explicit - d8d1745f64f0ffbfe064a3a7f0cd0deb.jpg,148142,d8d1745f64f0ffbfe064a3a7f0cd0deb
Garçons (Gelbooru),dancer/minaka_shobu - 5497855 - questionable - ff86de3110ac709e1b915da19d3d2bef.jpg,214805,ff86de3110ac709e1b915da19d3d2bef
Garçons (Gelbooru),dancer/owner_bird - 12443951 - sensitive - b400eb42d502118360fe52d967796937.jpg,154898,b400eb42d502118360fe52d967796937
Garçons (Gelbooru),dark-skinned_male/anonymous - 7146596 - sensitive - 6d488e269bc573501ef95615879695ec.jpg,512141,6d488e269bc573501ef95615879695ec
Garçons (Gelbooru),dark-skinned_male/anonymous - 7146604 - sensitive - 5467143ea0781d792a2cc9acb9708bd3.jpg,743881,5467143ea0781d792a2cc9acb9708bd3
Garçons (Gelbooru),dark-skinned_male/arsh_(thestarwish) - 7380605 - explicit - 4a520250488120f7246b8dc899635f76.jpg,111823,4a520250488120f7246b8dc899635f76
Garçons (Gelbooru),dark-skinned_male/ice_s_s_z - 7181312 - sensitive - d3a1aa85628ce490934a1eafe136389a.jpg,195790,d3a1aa85628ce490934a1eafe136389a
Garçons (Gelbooru),dark-skinned_male/lihayato - 13456472 - questionable - 0a0e808da6689b967dc232368bd18789.jpg,239303,0a0e808da6689b967dc232368bd18789
Garçons (Gelbooru),dark-skinned_male/meiji_(meiji770) - 7455974 - sensitive - e89385b0b928b0fcb4fb9bde79782a9a.jpg,75076,e89385b0b928b0fcb4fb9bde79782a9a
Garçons (Gelbooru),dark-skinned_male/pienahenggou - 8680836 - general - 3ac8e1b4183c8bfaca4d3126966362ec.jpg,203497,3ac8e1b4183c8bfaca4d3126966362ec
Garçons (Gelbooru),dark-skinned_male/wozue - 5747334 - sensitive - 7d9579fe03ef14257000c4be63e8c1d1.jpg,193809,7d9579fe03ef14257000c4be63e8c1d1
Garçons (Gelbooru),dark-skinned_male/ya_kexi - 5462417 - sensitive - 0092bee9fd15f7316e9a7f9d40136daf.jpg,150058,0092bee9fd15f7316e9a7f9d40136daf
Garçons (Gelbooru),defeated/anonymous - 6893876 - explicit - f9c969c1d3352148cdec0282b5885fe1.png,284487,f9c969c1d3352148cdec0282b5885fe1
Garçons (Gelbooru),defeated/gmgshmtcbn - 11563203 - explicit - 9386e30aaf762783c364586d07ee5b00.png,455847,9386e30aaf762783c364586d07ee5b00
Garçons (Gelbooru),defeated/konni - 9072133 - explicit - 0ce42f5152466da6a1ea1d2c06725473.jpg,249480,0ce42f5152466da6a1ea1d2c06725473
Garçons (Gelbooru),defeated/makiya - 2881171 - explicit - 62f324841e2b8a7256cad8ba804021eb.jpg,136565,62f324841e2b8a7256cad8ba804021eb
Garçons (Gelbooru),defeated/popporunga - 6490571 - explicit - 151c49fe0a43115cc6a230fb1f1d5b22.png,535787,151c49fe0a43115cc6a230fb1f1d5b22
Garçons (Gelbooru),defeated/tonnchichi - 8629464 - explicit - 3786151b92efe838e8b90f3c6805b255.jpg,317967,3786151b92efe838e8b90f3c6805b255
Garçons (Gelbooru),delinquent/jeriafterdark - 11896955 - sensitive - 71bf6580894b83f7d47fe5e0cd6ce4bd.jpg,161744,71bf6580894b83f7d47fe5e0cd6ce4bd
Garçons (Gelbooru),delinquent/kitazawa_k - 4180218 - sensitive - a38f8e3abf4014cd39008ab93439a57d.png,31728,a38f8e3abf4014cd39008ab93439a57d
Garçons (Gelbooru),delinquent/mirin_(coene65) - 5334602 - sensitive - ddd5effc977c25d53176ab7d2153cf66.jpg,102064,ddd5effc977c25d53176ab7d2153cf66
Garçons (Gelbooru),delinquent/mirin_(coene65) - 5334604 - sensitive - 5527cf68680a9b5a2582314fd2884162.jpg,113482,5527cf68680a9b5a2582314fd2884162
Garçons (Gelbooru),delinquent/tawapo - 5289035 - questionable - c094a4a29f21409435e944e41dcbcc4d.jpg,119420,c094a4a29f21409435e944e41dcbcc4d
Garçons (Gelbooru),delinquent/yusa_(usa_kotobuki) - 5608809 - explicit - 798c9afd59af0e565b1ac3c1cb0e098f.jpg,140598,798c9afd59af0e565b1ac3c1cb0e098f
Garçons (Gelbooru),delinquent/zifu - 7123594 - sensitive - 5bc84649514b1f235ef9912a27287177.png,611683,5bc84649514b1f235ef9912a27287177
Garçons (Gelbooru),demon_boy/rayuse - 5173885 - sensitive - 2c4478327e7c6c72342fe5afb0e7acab.jpg,211540,2c4478327e7c6c72342fe5afb0e7acab
Garçons (Gelbooru),doctor/anonymous - 9616823 - general - 7aa029e20ff18b52570398d44cfd2bc9.jpg,166521,7aa029e20ff18b52570398d44cfd2bc9
Garçons (Gelbooru),doctor/mame_lde - 6344946 - general - 6ec12322b15797aa32d5de1c47095864.jpg,68959,6ec12322b15797aa32d5de1c47095864
Garçons (Gelbooru),dress_lift/shisei_(kyuushoku_banchou) - 5395921 - explicit - 928d9438075444c0a18de839433b300f.jpg,259976,928d9438075444c0a18de839433b300f
Garçons (Gelbooru),dress_lift/sunaba_(nczd5875) - 10245800 - explicit - 4b705f2d1ef0e85f577241c859eb5251.jpg,134877,4b705f2d1ef0e85f577241c859eb5251
Garçons (Gelbooru),dress_lift/ylvy - 9554451 - explicit - b071039e5d7294afcfb5cbb83e374ee5.jpg,213912,b071039e5d7294afcfb5cbb83e374ee5
Garçons (Gelbooru),elf/akaihoppe - 7980446 - sensitive - 8d9cb49aa9f9b2004640a6b22383df48.jpg,318641,8d9cb49aa9f9b2004640a6b22383df48
Garçons (Gelbooru),elf/anonymous - 10576692 - sensitive - 147f3358cb9325af677859bea8bbe6c2.jpg,240745,147f3358cb9325af677859bea8bbe6c2
Garçons (Gelbooru),elf/anonymous - 10910873 - sensitive - a1c73a19ec702ffb9eb4da1fd8303564.jpg,55133,a1c73a19ec702ffb9eb4da1fd8303564
Garçons (Gelbooru),elf/anonymous - 11365471 - sensitive - fb63c7a64325673da16d2be3d58b03b4.png,1228138,fb63c7a64325673da16d2be3d58b03b4
Garçons (Gelbooru),elf/kinako_(mzknk0) - 9773376 - general - 7decfa857debd2716a1b24b45d52aa07.jpg,89077,7decfa857debd2716a1b24b45d52aa07
Garçons (Gelbooru),elf/morino_bambi - 5437902 - sensitive - c6ddf452ff2e7f6fb9822ce8d44dcc46.jpg,143187,c6ddf452ff2e7f6fb9822ce8d44dcc46
Garçons (Gelbooru),embarrassed/aburi-gatana - 12989800 - sensitive - 791730291a208ff0d5d1d4430ce14935.jpg,279371,791730291a208ff0d5d1d4430ce14935
Garçons (Gelbooru),embarrassed/acupofbread - 7252530 - sensitive - a9d1d5a7b3ec60cfbe51c8c19f98a894.jpg,234241,a9d1d5a7b3ec60cfbe51c8c19f98a894
Garçons (Gelbooru),embarrassed/akanei6no_sora - 10715978 - sensitive - 14a2da4c534c1ee31ead5e821f15c1c5.jpg,149204,14a2da4c534c1ee31ead5e821f15c1c5
Garçons (Gelbooru),embarrassed/anonymous - 10113215 - sensitive - c2aa9bcda37ca5ef1122bfa49dd39880.png,654969,c2aa9bcda37ca5ef1122bfa49dd39880
Garçons (Gelbooru),embarrassed/anonymous - 10585771 - explicit - a6d8dbe97a2731321aaa02fb248d9018.png,421631,a6d8dbe97a2731321aaa02fb248d9018
Garçons (Gelbooru),embarrassed/anonymous - 5287971 - sensitive - aa887ff61919c94952dc9b43f49ebf22.png,508934,aa887ff61919c94952dc9b43f49ebf22
Garçons (Gelbooru),embarrassed/dreamxiety - 9232031 - sensitive - ed020544fc1920d99f1bdcb2176371a9.png,463821,ed020544fc1920d99f1bdcb2176371a9
Garçons (Gelbooru),embarrassed/dreamxiety - 9594898 - sensitive - 1654134729d9e4f703abc3a058568bcd.png,447993,1654134729d9e4f703abc3a058568bcd
Garçons (Gelbooru),embarrassed/felutiahime - 3118166 - sensitive - 3eff9b4bd5e413b480ba965cc7e00628.jpg,216919,3eff9b4bd5e413b480ba965cc7e00628
Garçons (Gelbooru),embarrassed/hatomugi_gohan - 5267851 - explicit - f2c6e44c80167fcdc8500d72c616b463.jpg,164178,f2c6e44c80167fcdc8500d72c616b463
Garçons (Gelbooru),embarrassed/hmniao - 5735908 - sensitive - 806072d108fbbb86811ed5e71c619bf6.jpg,187083,806072d108fbbb86811ed5e71c619bf6
Garçons (Gelbooru),embarrassed/ikeuchi_tanuma - 4394459 - sensitive - 0909da20d3cdb99dedc015e6b1f5ccec.jpg,141679,0909da20d3cdb99dedc015e6b1f5ccec
Garçons (Gelbooru),embarrassed/jujeop - 9213401 - questionable - 11e9efe1ca34cf85da63219ea994b180.jpg,157089,11e9efe1ca34cf85da63219ea994b180
Garçons (Gelbooru),embarrassed/morino_bambi - 4855171 - questionable - 0a37f3081fafa88e8537bdbc641011ac.jpg,119616,0a37f3081fafa88e8537bdbc641011ac
Garçons (Gelbooru),embarrassed/okurarebito - 10450113 - sensitive - e87caa412bde81abface0edc8fe707d4.jpg,194327,e87caa412bde81abface0edc8fe707d4
Garçons (Gelbooru),embarrassed/otknk_love - 13064998 - explicit - 7aae86acc832205b59009c057ce147a3.png,747041,7aae86acc832205b59009c057ce147a3
Garçons (Gelbooru),embarrassed/rame_angel71 - 10904711 - sensitive - 38bf7560db70da9b3d07be26f9225f46.jpg,208425,38bf7560db70da9b3d07be26f9225f46
Garçons (Gelbooru),embarrassed/shinagawa_mikuzu - 5087362 - sensitive - 038ce35b107b50cec27ab1b6ffd23335.png,676989,038ce35b107b50cec27ab1b6ffd23335
Garçons (Gelbooru),embarrassed/shisei_(kyuushoku_banchou) - 12606876 - sensitive - a1db3a922124d0afea37d8f096a7c422.png,589344,a1db3a922124d0afea37d8f096a7c422
Garçons (Gelbooru),embarrassed/treslech3s - 12328087 - sensitive - 218a6ffdedf980a2e3d671f5dd9ef054.jpg,62341,218a6ffdedf980a2e3d671f5dd9ef054
Garçons (Gelbooru),embarrassed/ulrich_(tagaragakuin) - 4640940 - questionable - 5abc49852fb41dfd3797965f0b0aafd5.jpg,57765,5abc49852fb41dfd3797965f0b0aafd5
Garçons (Gelbooru),embarrassed/yamada_(iroha97151188) - 6609754 - sensitive - 07ae013eeb907e7be6159614205a2943.jpg,187640,07ae013eeb907e7be6159614205a2943
Garçons (Gelbooru),embarrassed/zutaboro - 7984006 - explicit - 4e7b4ae82fa436b5a5d215a130d69e04.jpg,204921,4e7b4ae82fa436b5a5d215a130d69e04
Garçons (Gelbooru),erection_under_clothes/fukazaki_(g425hw45) - 4080992 - explicit - da43f1292816f280c879bae1c2da0d9b.png,227316,da43f1292816f280c879bae1c2da0d9b
Garçons (Gelbooru),erection_under_clothes/matemi - 7637871 - explicit - 47288ec4e3554e43766373e9a43dd02a.jpg,196566,47288ec4e3554e43766373e9a43dd02a
Garçons (Gelbooru),erection_under_clothes/nayoshi_(r-744) - 6730108 - questionable - 7601880f5156a81a533a96568744f8fb.jpg,135395,7601880f5156a81a533a96568744f8fb
Garçons (Gelbooru),erection_under_clothes/nayoshi_(r-744) - 7713848 - questionable - af4d1f7dd40688c2351faee79ad48e53.jpg,231415,af4d1f7dd40688c2351faee79ad48e53
Garçons (Gelbooru),fake_tail/anonymous - 11108214 - sensitive - 1df000546845208e444248c72824c5d8.jpg,60845,1df000546845208e444248c72824c5d8
Garçons (Gelbooru),fake_tail/moruru_08 - 10568472 - sensitive - ecc5be4f5f85dc1a8bf4590a256fa825.jpg,172193,ecc5be4f5f85dc1a8bf4590a256fa825
Garçons (Gelbooru),fake_tail/ohisashiburi - 5355732 - sensitive - 193dea151b4c0bead4684e249fe51d3a.jpg,165197,193dea151b4c0bead4684e249fe51d3a
Garçons (Gelbooru),fake_tail/saigi - 5829689 - questionable - de198320ad6ae53f844f1db2c8fc1b84.jpg,133789,de198320ad6ae53f844f1db2c8fc1b84
Garçons (Gelbooru),fellatio forced/anonymous - 3391805 - explicit - 59af14fa4b26afa1eda06435670500aa.jpg,90961,59af14fa4b26afa1eda06435670500aa
Garçons (Gelbooru),fellatio forced/cuppy - 8049906 - explicit - 20baaf4cfc8b9674ebbbb60454bb536c.jpg,148447,20baaf4cfc8b9674ebbbb60454bb536c
Garçons (Gelbooru),fellatio forced/ha_ze - 6937075 - explicit - 7f699f8ba638a31216348b32dd08a8d5.jpg,228946,7f699f8ba638a31216348b32dd08a8d5
Garçons (Gelbooru),fellatio rape/mondi_hl - 5706296 - explicit - 7def3a45fa44447ed45bab920ce1ca3a.jpg,140221,7def3a45fa44447ed45bab920ce1ca3a
Garçons (Gelbooru),fellatio rape/saigi - 5942395 - explicit - 893dc1fcb7a755b63c22eaf4dcd8b2c5.jpg,135155,893dc1fcb7a755b63c22eaf4dcd8b2c5
Garçons (Gelbooru),fellatio/8_(yamalu) - 4817287 - explicit - 106a4a1ed457974dbdf4465b0d65d2f4.png,486339,106a4a1ed457974dbdf4465b0d65d2f4
Garçons (Gelbooru),fellatio/afrobull - 7267611 - explicit - 0776dd77b3cc08abbbec1e4c386b8ec3.jpg,175951,0776dd77b3cc08abbbec1e4c386b8ec3
Garçons (Gelbooru),fellatio/anonymous - 2016549 - explicit - 561d917c44879ab5f7266c7988edd1da.jpg,67656,561d917c44879ab5f7266c7988edd1da
Garçons (Gelbooru),fellatio/anonymous - 2216189 - explicit - 1649ce345049e5ba031e4340e56de2fb.jpg,152107,1649ce345049e5ba031e4340e56de2fb
Garçons (Gelbooru),fellatio/anonymous - 2904569 - explicit - 33f7fc305909ab5d9d9bbe0f2615c9af.jpg,164252,33f7fc305909ab5d9d9bbe0f2615c9af
Garçons (Gelbooru),fellatio/anonymous - 3155631 - explicit - b866d1f1802e3b1c18871b1d9eb0394f.png,261693,b866d1f1802e3b1c18871b1d9eb0394f
Garçons (Gelbooru),fellatio/anonymous - 4138158 - explicit - 6a4d45d04312f47ec4ee078ba3758301.png,222759,6a4d45d04312f47ec4ee078ba3758301
Garçons (Gelbooru),fellatio/anonymous - 4649157 - explicit - 8ae9ddc6223235100103905b38334c01.jpg,163462,8ae9ddc6223235100103905b38334c01
Garçons (Gelbooru),fellatio/anonymous - 5047337 - explicit - 8ebedf329fac209a7e0c15dc137a3abd.jpg,211283,8ebedf329fac209a7e0c15dc137a3abd
Garçons (Gelbooru),fellatio/anonymous - 5995525 - explicit - 6e90445024665ff39f057c79ba267de1.jpg,213755,6e90445024665ff39f057c79ba267de1
Garçons (Gelbooru),fellatio/anonymous - 6033432 - explicit - 6281989f01fb6c387e00cb7e1dbe1382.jpg,235089,6281989f01fb6c387e00cb7e1dbe1382
Garçons (Gelbooru),fellatio/ase_(apocrine) - 3702559 - explicit - 749556d2c20eb08d3c5a1dbd00e29b58.png,262488,749556d2c20eb08d3c5a1dbd00e29b58
Garçons (Gelbooru),fellatio/beitemian - 10255888 - explicit - eea8e54a0472bb9645f0c464474a0ab2.jpg,246649,eea8e54a0472bb9645f0c464474a0ab2
Garçons (Gelbooru),fellatio/beitemian - 10256018 - explicit - 469514ba3d22285db59135f3615120f1.jpg,310433,469514ba3d22285db59135f3615120f1
Garçons (Gelbooru),fellatio/coin_rand - 2633132 - explicit - cdab6b22efb02ece7c99710041f0d373.jpg,96973,cdab6b22efb02ece7c99710041f0d373
Garçons (Gelbooru),fellatio/dancho_(dancyo) - 5292092 - explicit - 224acf28102f01e5d2081686ebbebac0.jpg,281348,224acf28102f01e5d2081686ebbebac0
Garçons (Gelbooru),fellatio/frogzone_art - 6691883 - explicit - 51b5d11feda686e679113e087e41b6cd.jpg,324385,51b5d11feda686e679113e087e41b6cd
Garçons (Gelbooru),fellatio/fugtrup - 10573601 - explicit - a23fd162fd25bb72af51d66ea6415615.png,584676,a23fd162fd25bb72af51d66ea6415615
Garçons (Gelbooru),fellatio/fugtrup - 8601385 - explicit - 0a4c5837caf380ed824a29f17231a4c1.jpg,233305,0a4c5837caf380ed824a29f17231a4c1
Garçons (Gelbooru),fellatio/fugtrup - 8789915 - explicit - 33ce5b483d986efa3042cc8fd81bec7d.png,898286,33ce5b483d986efa3042cc8fd81bec7d
Garçons (Gelbooru),fellatio/greco_roman_(spiral_brain) - 1148251 - explicit - 6914a0c68f4809284b721c7c452e2290.jpg,97619,6914a0c68f4809284b721c7c452e2290
Garçons (Gelbooru),fellatio/icy_joe - 7374073 - explicit - d3451c3b46081385a25852239b68dd25.jpg,88978,d3451c3b46081385a25852239b68dd25
Garçons (Gelbooru),fellatio/ikemeru19 - 6198412 - explicit - e8f44e5d3a4d3fd51a0258f4be8205ef.jpg,118207,e8f44e5d3a4d3fd51a0258f4be8205ef
Garçons (Gelbooru),fellatio/kanatougo - 3674210 - explicit - f3101bf4a2294cfbe7a6c26d97d5c888.jpg,58993,f3101bf4a2294cfbe7a6c26d97d5c888
Garçons (Gelbooru),fellatio/knee3 - 3185094 - explicit - a5b4c438fd57a26da86b87b446492917.jpg,81316,a5b4c438fd57a26da86b87b446492917
Garçons (Gelbooru),fellatio/kukumomo - 4790840 - explicit - fac0c8afd6955912fcb4cd5d6e8cdd65.jpg,68625,fac0c8afd6955912fcb4cd5d6e8cdd65
Garçons (Gelbooru),fellatio/kukumomo - 8885821 - explicit - 9bfd9a480c8e93dea94dbb5a325a4a73.png,168397,9bfd9a480c8e93dea94dbb5a325a4a73
Garçons (Gelbooru),fellatio/kusonikumarukun - 10737375 - explicit - d1ad56e2b48d1ee51e127d32b75acb37.png,403913,d1ad56e2b48d1ee51e127d32b75acb37
Garçons (Gelbooru),fellatio/meimone - 8902649 - explicit - 957769da2628241f4f0be696e49ffca6.png,281685,957769da2628241f4f0be696e49ffca6
Garçons (Gelbooru),fellatio/meimone - 8902650 - explicit - 1e887875c5d5f9442247d8a3a1919f03.png,268548,1e887875c5d5f9442247d8a3a1919f03
Garçons (Gelbooru),fellatio/merunyaa - 6833673 - explicit - 71b0d68c90554ade1289d06913527311.jpg,154860,71b0d68c90554ade1289d06913527311
Garçons (Gelbooru),fellatio/min_(myna8247) - 9712307 - explicit - 7c24cb055b867af690511817a04551eb.jpg,149293,7c24cb055b867af690511817a04551eb
Garçons (Gelbooru),fellatio/mizumizzumiz - 8705850 - explicit - e319a83110487cfc41e50ef965988fe5.jpg,300432,e319a83110487cfc41e50ef965988fe5
Garçons (Gelbooru),fellatio/mo0nx - 8430247 - explicit - 888014373e849c2f19c2b2664e6d26d4.png,763176,888014373e849c2f19c2b2664e6d26d4
Garçons (Gelbooru),fellatio/mochi_noue - 6712509 - explicit - 133f62b32f011d48a423ccfbea449e5a.png,246859,133f62b32f011d48a423ccfbea449e5a
Garçons (Gelbooru),fellatio/mori_miya - 3979090 - explicit - fd362b00d41a25670de0ccac6f0be38f.png,538513,fd362b00d41a25670de0ccac6f0be38f
Garçons (Gelbooru),fellatio/nyantcha - 10499808 - explicit - bbe3ecfa96e7f3cd206ebd3ca83e3062.jpg,357547,bbe3ecfa96e7f3cd206ebd3ca83e3062
Garçons (Gelbooru),fellatio/okimes - 2980328 - explicit - 5854e5b27e827f5c786c1a9f4b18d9eb.jpg,95008,5854e5b27e827f5c786c1a9f4b18d9eb
Garçons (Gelbooru),fellatio/potatoevomit - 3732839 - explicit - 04e62a0c13b6f47018eddf28f93f96cc.jpg,146111,04e62a0c13b6f47018eddf28f93f96cc
Garçons (Gelbooru),fellatio/reddverse - 3979480 - explicit - 0aa9fa7641143f55538f47475e1f679a.png,276185,0aa9fa7641143f55538f47475e1f679a
Garçons (Gelbooru),fellatio/reddverse - 4138118 - explicit - 13f7acaad3aa677cb148fb20eb7bef65.png,981476,13f7acaad3aa677cb148fb20eb7bef65
Garçons (Gelbooru),fellatio/reddverse - 4976101 - explicit - ca3682f8ec51cee337f2b73b57c457d8.jpg,150371,ca3682f8ec51cee337f2b73b57c457d8
Garçons (Gelbooru),fellatio/runa_(nori31291404) - 9067653 - explicit - e5521034311f07418875e92cae920c07.jpg,172923,e5521034311f07418875e92cae920c07
Garçons (Gelbooru),fellatio/samsara_(shuukeura) - 10959674 - explicit - 733d33affd0cbe491f6765a6fa47a35e.jpg,205070,733d33affd0cbe491f6765a6fa47a35e
Garçons (Gelbooru),fellatio/seitarou - 7074852 - explicit - 44d6167a3f41c950799d677d223b1220.jpg,328733,44d6167a3f41c950799d677d223b1220
Garçons (Gelbooru),fellatio/shiraishi_asuka - 334460 - explicit - a103898fefb20811928b0ce7b639e0d9.jpg,55362,a103898fefb20811928b0ce7b639e0d9
Garçons (Gelbooru),fellatio/sn0w_da - 2827464 - explicit - 1f4b188f83a4c82ef95bec0a8727eeac.jpg,155456,1f4b188f83a4c82ef95bec0a8727eeac
Garçons (Gelbooru),fellatio/sn0w_da - 3784142 - explicit - 329ff6fd6c87d44c27222e3fab1a8135.jpg,84932,329ff6fd6c87d44c27222e3fab1a8135
Garçons (Gelbooru),fellatio/tayu_(mousou_dokoro_2) - 10245466 - explicit - c26423ef5a3ca1561ea30bc8ebf08274.jpg,130927,c26423ef5a3ca1561ea30bc8ebf08274
Garçons (Gelbooru),fellatio/teba_motoko - 6635643 - explicit - d3d84ab6caa63fd0af58376044a8997e.png,658050,d3d84ab6caa63fd0af58376044a8997e
Garçons (Gelbooru),fellatio/tekuho_no_habo - 6079267 - explicit - 288b7d4ab97590b4af9c85e4fa820b41.jpg,296706,288b7d4ab97590b4af9c85e4fa820b41
Garçons (Gelbooru),fellatio/tsutsumi_keisuke - 2094928 - explicit - 4ccdfb82eea8839a36580185303bca2a.png,377124,4ccdfb82eea8839a36580185303bca2a
Garçons (Gelbooru),fellatio/w_(1999_kyu) - 13161399 - explicit - 6212e60431ebc7c5b1d652718a5b3e17.png,1175308,6212e60431ebc7c5b1d652718a5b3e17
Garçons (Gelbooru),fellatio/weiss_(artist) - 5494591 - explicit - 09cca83cac8bc78444c7ae37ef720eb5.jpg,278129,09cca83cac8bc78444c7ae37ef720eb5
Garçons (Gelbooru),fellatio/weiss_(artist) - 5494592 - explicit - 940e45204303458c9d3bfd80d4f504b7.jpg,550873,940e45204303458c9d3bfd80d4f504b7
Garçons (Gelbooru),fellatio/yuutayo - 3725434 - explicit - 6d43791298d43024e905e1d7e2775174.png,204329,6d43791298d43024e905e1d7e2775174
Garçons (Gelbooru),femdom futanari/5t_(5t_000) - 8620939 - explicit - 0368324996fce0aaddb03db2df017c96.png,702397,0368324996fce0aaddb03db2df017c96
Garçons (Gelbooru),femdom futanari/abubu - 8986294 - explicit - c4e9f4c582263372cadff7d32aeb9049.png,287670,c4e9f4c582263372cadff7d32aeb9049
Garçons (Gelbooru),femdom futanari/anasheya - 2801264 - explicit - 2bf8d27d150b01bbec507f0b6dae99f6.jpg,248785,2bf8d27d150b01bbec507f0b6dae99f6
Garçons (Gelbooru),femdom futanari/anasheya - 2801303 - explicit - 4fea80d85956ee50eae881f7187d51d9.jpg,171575,4fea80d85956ee50eae881f7187d51d9
Garçons (Gelbooru),femdom futanari/anonymous - 6809535 - explicit - 07af759dff6d6a9ee65b456c37d5fccf.jpg,233889,07af759dff6d6a9ee65b456c37d5fccf
Garçons (Gelbooru),femdom futanari/incase - 2677310 - explicit - 5ebb940159df4064e9f679dc5cada985.jpg,181448,5ebb940159df4064e9f679dc5cada985
Garçons (Gelbooru),femdom futanari/jon_(st05254) - 4940230 - explicit - 414b9575bb160a65d1a03ae40bc006c4.jpg,123202,414b9575bb160a65d1a03ae40bc006c4
Garçons (Gelbooru),femdom futanari/muuchin_(muchmuchmuchin) - 4147717 - explicit - 289ad5ad9bf5de6bf7be35508f1f364c.jpg,249598,289ad5ad9bf5de6bf7be35508f1f364c
Garçons (Gelbooru),femdom futanari/necrosmos - 3596639 - explicit - 69b87a991befba719dbcbb1cf59f6444.jpg,135972,69b87a991befba719dbcbb1cf59f6444
Garçons (Gelbooru),femdom futanari/necrosmos - 7342092 - explicit - 3cdf97a61ef80ca2e7a55ca91cde97d2.jpg,87151,3cdf97a61ef80ca2e7a55ca91cde97d2
Garçons (Gelbooru),femdom futanari/picturd - 13549242 - explicit - 3f6d5672dc40dc3ed3c43f6571179175.jpg,132231,3f6d5672dc40dc3ed3c43f6571179175
Garçons (Gelbooru),femdom futanari/picturd - 7696771 - explicit - 6fa2aa72bec38ff50cffaf83be6b1189.jpg,148004,6fa2aa72bec38ff50cffaf83be6b1189
Garçons (Gelbooru),femdom futanari/ponpu_(pumpkinsinclair) - 9216686 - explicit - 29bfbc2512fb683761f3f0242fa30a03.jpg,178289,29bfbc2512fb683761f3f0242fa30a03
Garçons (Gelbooru),femdom futanari/raitaroo - 5610897 - explicit - 8ddb80ed23efebfd84eabf45b0d8d1f1.jpg,124452,8ddb80ed23efebfd84eabf45b0d8d1f1
Garçons (Gelbooru),femdom futanari/raitaroo - 5808452 - explicit - 288d42bb5a0c588ef481f369737e68f8.jpg,180225,288d42bb5a0c588ef481f369737e68f8
Garçons (Gelbooru),femdom futanari/samsara_(shuukeura) - 6287812 - explicit - 919592e5b33d0b26e0dc74a54121bafb.jpg,191292,919592e5b33d0b26e0dc74a54121bafb
Garçons (Gelbooru),femdom futanari/samsara_(shuukeura) - 8998756 - explicit - b2b8513303389fed14c154ee27834a74.jpg,304959,b2b8513303389fed14c154ee27834a74
Garçons (Gelbooru),femdom futanari/seraziel - 6421463 - explicit - d088cdf0d257bf54cb9f424c9c74f037.jpg,163807,d088cdf0d257bf54cb9f424c9c74f037
Garçons (Gelbooru),femdom futanari/smedart - 10123295 - explicit - 5d525f35c59c8d39e0d57ac1e2927dd5.png,437801,5d525f35c59c8d39e0d57ac1e2927dd5
Garçons (Gelbooru),femdom futanari/sutada321 - 7700341 - explicit - 27e5201245054b397631d045df05301b.jpg,273972,27e5201245054b397631d045df05301b
Garçons (Gelbooru),femdom futanari/takemura_sessyu - 4736408 - explicit - 70c3fd9be62e3ffdf403ef3e597cb3bf.jpg,130727,70c3fd9be62e3ffdf403ef3e597cb3bf
Garçons (Gelbooru),femdom futanari/todding - 8915089 - explicit - 875866fd765a77574a85288cdad02f47.jpg,234472,875866fd765a77574a85288cdad02f47
Garçons (Gelbooru),femdom/anonymous - 6353293 - explicit - f03a83ed428a7bd897cf4a2e31cee38e.jpg,167090,f03a83ed428a7bd897cf4a2e31cee38e
Garçons (Gelbooru),femdom/anonymous - 7432933 - explicit - e36139c576d20804a71c46f6d3212b68.png,858454,e36139c576d20804a71c46f6d3212b68
Garçons (Gelbooru),femdom/eltonel - 6771043 - explicit - 7810f6cc1635ce131887e153db4af064.jpg,115834,7810f6cc1635ce131887e153db4af064
Garçons (Gelbooru),femdom/john_doe_(jdart) - 5818493 - explicit - 72023264596641b6d627b083e7c83f3b.png,990934,72023264596641b6d627b083e7c83f3b
Garçons (Gelbooru),femdom/laofuzi_dai_bansho - 5948057 - explicit - 165f105560f0e45d3ad95dfbeeff23a6.jpg,166185,165f105560f0e45d3ad95dfbeeff23a6
Garçons (Gelbooru),femdom/laofuzi_dai_bansho - 6553869 - explicit - c3b8f503056fa4a79f817f00b71acac6.jpg,109483,c3b8f503056fa4a79f817f00b71acac6
Garçons (Gelbooru),femdom/melenamundi - 7992111 - explicit - 8a3bf32b861bcc79af8b0cccd4a0ff31.jpg,186634,8a3bf32b861bcc79af8b0cccd4a0ff31
Garçons (Gelbooru),femdom/sagami_jon - 5961523 - explicit - 8f172978bfa5b4df7ef4e248fc924868.jpg,166758,8f172978bfa5b4df7ef4e248fc924868
Garçons (Gelbooru),femdom/samsara_(shuukeura) - 6200588 - questionable - d1522d767c7fe2d71af66502b8bf4722.jpg,244410,d1522d767c7fe2d71af66502b8bf4722
Garçons (Gelbooru),femdom/samsara_(shuukeura) - 8093775 - explicit - fb023cb42310edeb9f412a55d358e4bd.jpg,349525,fb023cb42310edeb9f412a55d358e4bd
Garçons (Gelbooru),femdom/seitarou - 7579890 - explicit - 7e5aae96d535a1502de1a5cad9abdf89.jpg,284803,7e5aae96d535a1502de1a5cad9abdf89
Garçons (Gelbooru),femdom/ultrabinou - 7012185 - explicit - 6d3533e17ace11476ca149073311977b.jpg,168709,6d3533e17ace11476ca149073311977b
Garçons (Gelbooru),flat_chastity_cage/combos_&_doodles - 9470468 - explicit - 6ca9e4376082226a654825fc72ecc2c6.jpg,135216,6ca9e4376082226a654825fc72ecc2c6
Garçons (Gelbooru),flat_chastity_cage/dil_chastity - 13184581 - explicit - e21e0147944b1693b68b7e55f1925ec4.jpg,229083,e21e0147944b1693b68b7e55f1925ec4
Garçons (Gelbooru),flat_chastity_cage/jack_rockhardt - 12689622 - explicit - 3c65f567b78b44755860a5039e99b8bf.jpg,282133,3c65f567b78b44755860a5039e99b8bf
Garçons (Gelbooru),flat_chastity_cage/john_doe_(jdart) - 7551989 - explicit - 2466cc7f9e0614a33fa5c2587478321b.png,364992,2466cc7f9e0614a33fa5c2587478321b
Garçons (Gelbooru),flat_chastity_cage/miga_(migao) - 12949671 - explicit - d694a57548003785c106b36dc0aa6724.jpg,219416,d694a57548003785c106b36dc0aa6724
Garçons (Gelbooru),flat_chastity_cage/picturd - 13008700 - explicit - fed2a387843812301acf59ff1db32fc2.jpg,121052,fed2a387843812301acf59ff1db32fc2
Garçons (Gelbooru),flat_chastity_cage/samsara_(shuukeura) - 7591917 - explicit - 9cef7bb492a567c630dfa43916960ad7.jpg,241137,9cef7bb492a567c630dfa43916960ad7
Garçons (Gelbooru),flat_chastity_cage/tawapo - 5344542 - explicit - 2f9d792c01b74025b8ea91a6a73a96aa.jpg,117760,2f9d792c01b74025b8ea91a6a73a96aa
Garçons (Gelbooru),flat_chest glasses/morinosuke - 9148157 - explicit - f38968110173f5dee440d5cf5216f309.jpg,259501,f38968110173f5dee440d5cf5216f309
Garçons (Gelbooru),forced/kamata_yuuya - 5514894 - explicit - f2b8ac15284b2667edc7286c9b7f371b.jpg,180743,f2b8ac15284b2667edc7286c9b7f371b
Garçons (Gelbooru),forced/st_(youx1119) - 10208337 - explicit - f2b8368ea5a3cf00cb3d111e798e68ad.jpg,271758,f2b8368ea5a3cf00cb3d111e798e68ad
Garçons (Gelbooru),forced/tt_(tt_osc) - 3481096 - explicit - 96e0d379e0d239f8b46d4dbe74acff15.png,172018,96e0d379e0d239f8b46d4dbe74acff15
Garçons (Gelbooru),freckles/sahi00000 - 13980437 - sensitive - e956c293fa78654ad04df0ef0b67075b.jpg,340380,e956c293fa78654ad04df0ef0b67075b
Garçons (Gelbooru),gang_rape/arsh_(thestarwish) - 6236787 - explicit - e10f850b6244589d86f7db354cd17d2c.jpg,346905,e10f850b6244589d86f7db354cd17d2c
Garçons (Gelbooru),gang_rape/dokadokadake - 11322552 - explicit - c8232a748c760083739ecc8bb9f15672.png,1520394,c8232a748c760083739ecc8bb9f15672
Garçons (Gelbooru),gang_rape/g1_(jjw00123) - 10368361 - explicit - fc2fd7da4f6b513d729346ccdb3f36a2.png,220250,fc2fd7da4f6b513d729346ccdb3f36a2
Garçons (Gelbooru),gang_rape/hypertrampo - 3076473 - explicit - 8ec3448ec380b65ff1b8fd7dfae99fc5.jpg,85725,8ec3448ec380b65ff1b8fd7dfae99fc5
Garçons (Gelbooru),gang_rape/incubear - 9680096 - explicit - 15f4b26b9d52a013308080fd40d7942a.jpg,254021,15f4b26b9d52a013308080fd40d7942a
Garçons (Gelbooru),gang_rape/kurita_nao1 - 2699305 - explicit - 738b8fc9e63c0d701e22cb480f094720.jpg,172113,738b8fc9e63c0d701e22cb480f094720
Garçons (Gelbooru),gang_rape/mondi_hl - 5706303 - explicit - dff8af6f2711491664677af350b80772.jpg,162042,dff8af6f2711491664677af350b80772
Garçons (Gelbooru),gang_rape/naoko_(naonocoto) - 5708514 - explicit - eb4d449c8a4a0d543c3f0afa0845f7c4.png,309849,eb4d449c8a4a0d543c3f0afa0845f7c4
Garçons (Gelbooru),gang_rape/sana_(artist) - 4677221 - explicit - af9e764544af974fd8196b36930b2f56.jpg,173292,af9e764544af974fd8196b36930b2f56
Garçons (Gelbooru),ganguro/amatake_akewo - 943376 - explicit - 188f20dbea80561d0723a7808ec28cfc.jpg,152418,188f20dbea80561d0723a7808ec28cfc
Garçons (Gelbooru),ganguro/suzurame - 1420832 - explicit - 781fb64d71a90a0c7d5cec84427306c6.jpg,162518,781fb64d71a90a0c7d5cec84427306c6
Garçons (Gelbooru),gaping/anonymous - 3430620 - explicit - 6b50ab9ea049752ac18dc4a90d8d79cb.jpg,36847,6b50ab9ea049752ac18dc4a90d8d79cb
Garçons (Gelbooru),gaping/anonymous - 7159381 - explicit - 52e5140c3d026bf38279202a0132aa2c.jpg,134155,52e5140c3d026bf38279202a0132aa2c
Garçons (Gelbooru),gaping/anonymous - 7399338 - explicit - 2b25bd703e47749304c00ab2663a638b.png,303319,2b25bd703e47749304c00ab2663a638b
Garçons (Gelbooru),gaping/anonymous - 7465576 - explicit - aabea7d985e15a08ba57dab1cb918a2b.png,478253,aabea7d985e15a08ba57dab1cb918a2b
Garçons (Gelbooru),gaping/arsh_(thestarwish) - 7380621 - explicit - ebaf031fb8a177e096688f10ef5f09c0.jpg,132849,ebaf031fb8a177e096688f10ef5f09c0
Garçons (Gelbooru),gaping/calamitail - 7413148 - explicit - 8c8bca302f267c9fc7c355ef6c3fbd5d.png,689206,8c8bca302f267c9fc7c355ef6c3fbd5d
Garçons (Gelbooru),gaping/calamitail - 7413155 - explicit - d4b2979b49ac1e26aa171ef03f1dc960.png,720819,d4b2979b49ac1e26aa171ef03f1dc960
Garçons (Gelbooru),gaping/hatomugi_gohan - 7412957 - explicit - c9c98fab8262380238e9fe1095c22a0d.jpg,187715,c9c98fab8262380238e9fe1095c22a0d
Garçons (Gelbooru),gaping/memeo - 7223174 - explicit - 4d3436d87c7f55bbdea95f93dca99478.jpg,194008,4d3436d87c7f55bbdea95f93dca99478
Garçons (Gelbooru),gaping/mosilll_(artist) - 7162813 - explicit - 9a0fb0b27ffd20a6ecf05e3865a8484e.jpg,291558,9a0fb0b27ffd20a6ecf05e3865a8484e
Garçons (Gelbooru),gaping/sirfy - 8027600 - explicit - 9b6fe53511689a9f262d9b832be05ed1.jpg,101053,9b6fe53511689a9f262d9b832be05ed1
Garçons (Gelbooru),gaping/steamed_egg - 4223128 - explicit - 5f47b54e3e21bb30e89084a21c5e341e.jpg,84969,5f47b54e3e21bb30e89084a21c5e341e
Garçons (Gelbooru),gaping/steamed_egg - 6893297 - explicit - b789f2741558eb9dd3fc1f1a21fafac8.png,153888,b789f2741558eb9dd3fc1f1a21fafac8
Garçons (Gelbooru),gaping/toumato - 7319970 - explicit - 1b3b56de646bc8bed0621dcfa2be2b6f.jpg,201062,1b3b56de646bc8bed0621dcfa2be2b6f
Garçons (Gelbooru),gaping/yah_yah_6 - 13126942 - explicit - 8b2bd100ae0c6da5b85cbcaf4e4eeffd.png,395903,8b2bd100ae0c6da5b85cbcaf4e4eeffd
Garçons (Gelbooru),glasses/anonymous - 13896017 - general - 26023281a169c57ba68d64bd4c209d69.png,1372665,26023281a169c57ba68d64bd4c209d69
Garçons (Gelbooru),glasses/anonymous - 14221343 - sensitive - 11c9102ce4ffe95f0882aeb7888b12a3.png,925581,11c9102ce4ffe95f0882aeb7888b12a3
Garçons (Gelbooru),glasses/anonymous - 4385212 - sensitive - af6d13f2c4e6708c7789ef5380456f8f.jpg,65626,af6d13f2c4e6708c7789ef5380456f8f
Garçons (Gelbooru),glasses/anonymous - 7287914 - general - d8ce61432b4aa679777c01e88d861a85.jpg,220880,d8ce61432b4aa679777c01e88d861a85
Garçons (Gelbooru),glasses/asuna_(doruru-mon) - 2218124 - sensitive - 0f0d0cbcced58843871f1406b30f0c30.png,426180,0f0d0cbcced58843871f1406b30f0c30
Garçons (Gelbooru),glasses/baakurou - 11086898 - sensitive - a740c30cff631992661f3fc1ca5ee334.jpg,149069,a740c30cff631992661f3fc1ca5ee334
Garçons (Gelbooru),glasses/hataya - 9155079 - sensitive - 28cfde1bb53f4b1e3bcb5c0668c48389.jpg,387208,28cfde1bb53f4b1e3bcb5c0668c48389
Garçons (Gelbooru),glasses/hyakutennnn - 10453254 - sensitive - 34d25073b5e7f123a0ac70ac530ab12b.jpg,279720,34d25073b5e7f123a0ac70ac530ab12b
Garçons (Gelbooru),glasses/jinkei - 5977526 - sensitive - 47479a538a12a12ec1dd87cdd5937101.jpg,151756,47479a538a12a12ec1dd87cdd5937101
Garçons (Gelbooru),glasses/kadeart - 5666744 - sensitive - e480a63988fdb152b3048cbe6c4ef739.jpg,83677,e480a63988fdb152b3048cbe6c4ef739
Garçons (Gelbooru),glasses/kinaco_4738 - 5457664 - sensitive - f53847e25c34d16582469a6ec702e2ce.jpg,183028,f53847e25c34d16582469a6ec702e2ce
Garçons (Gelbooru),glasses/light_oooo - 5535365 - sensitive - 3ddc75156bb404cda662f2b796706134.png,1580521,3ddc75156bb404cda662f2b796706134
Garçons (Gelbooru),glasses/migumi - 5627954 - sensitive - 7fd23f7b20a3a20e36fc1ce26a3e6e2a.jpg,204422,7fd23f7b20a3a20e36fc1ce26a3e6e2a
Garçons (Gelbooru),glasses/offtoon12 - 6497370 - sensitive - b545a59529ef6422c9b3993e1f8cb66e.jpg,99325,b545a59529ef6422c9b3993e1f8cb66e
Garçons (Gelbooru),glasses/pottsness - 8637844 - sensitive - dc4efded3fa830ff8a229d618f131d5b.jpg,259298,dc4efded3fa830ff8a229d618f131d5b
Garçons (Gelbooru),glasses/rishe_(reeeeshe) - 13639990 - questionable - 9486ae9bff4d3997a1baa29b932f51b9.png,684891,9486ae9bff4d3997a1baa29b932f51b9
Garçons (Gelbooru),glasses/sahi00000 - 13980425 - sensitive - 9d00a99b42194f69d2bdd67a4d119ba4.jpg,390131,9d00a99b42194f69d2bdd67a4d119ba4
Garçons (Gelbooru),glasses/st_(youx1119) - 5962665 - sensitive - 87a33b295b839ad017564ccc5c64b721.jpg,169377,87a33b295b839ad017564ccc5c64b721
Garçons (Gelbooru),glasses/toro3 - 13988927 - sensitive - f14190567f015a9b74d4d11d54f849dc.jpg,75738,f14190567f015a9b74d4d11d54f849dc
Garçons (Gelbooru),glasses/www_jamuo - 5647285 - sensitive - e9ed8f9c6526ef42f25ff59f9321cb41.jpg,228959,e9ed8f9c6526ef42f25ff59f9321cb41
Garçons (Gelbooru),glasses/yamasaki_haruta - 3529255 - sensitive - 709ad62002e99825f575785b5cfd6506.jpg,190200,709ad62002e99825f575785b5cfd6506
Garçons (Gelbooru),glory_hole/jack_rockhardt - 12286056 - explicit - 6b2e1eed4ed2643a045b8604f83d5a8f.jpg,362072,6b2e1eed4ed2643a045b8604f83d5a8f
Garçons (Gelbooru),gynomorph/anonymous - 1804888 - explicit - a806e0c4929c0d5fa37ca917790e6d31.jpg,63079,a806e0c4929c0d5fa37ca917790e6d31
Garçons (Gelbooru),gynomorph/kakure_oni - 10780568 - explicit - a5436a9f3b2dfb096cff312275d5dab4.png,269145,a5436a9f3b2dfb096cff312275d5dab4
Garçons (Gelbooru),gynomorph/memeh - 12191889 - explicit - 08330add770b129ea8043143ffbb469e.jpg,269292,08330add770b129ea8043143ffbb469e
Garçons (Gelbooru),gynomorph/memeh - 12191917 - explicit - fb3d54799eb768fbf009cfca45d5d7ed.jpg,311454,fb3d54799eb768fbf009cfca45d5d7ed
Garçons (Gelbooru),gynomorph/memeh - 12191918 - explicit - 6e57c66b2298e20f0ca582eaca09d09c.jpg,313002,6e57c66b2298e20f0ca582eaca09d09c
Garçons (Gelbooru),gynomorph/momoyama_minto - 6290733 - sensitive - 87b2034932c3d1408202eb9394360864.jpg,164936,87b2034932c3d1408202eb9394360864
Garçons (Gelbooru),gynomorph/sulcate - 11604837 - explicit - 24b0242bd63006eded548b264c66968d.jpg,159916,24b0242bd63006eded548b264c66968d
Garçons (Gelbooru),Hairstyles/hair_bun/st_(youx1119) - 6683890 - sensitive - 3ce53a5cfb2f4915b6352fb36205026f.jpg,136205,3ce53a5cfb2f4915b6352fb36205026f
Garçons (Gelbooru),Hairstyles/short_hair/anonymous - 5342995 - questionable - ce11c52669fe78d9486fc842a0607bc4.png,409492,ce11c52669fe78d9486fc842a0607bc4
Garçons (Gelbooru),Hairstyles/short_hair/asutarou - 2962630 - explicit - c32a45eca5c3ce0cf51958674d0e3116.jpg,89691,c32a45eca5c3ce0cf51958674d0e3116
Garçons (Gelbooru),Hairstyles/short_hair/beitemian - 10256023 - explicit - 5d2433436125ef4b2f4a7650320f9f49.jpg,312045,5d2433436125ef4b2f4a7650320f9f49
Garçons (Gelbooru),Hairstyles/short_hair/beitemian - 6676960 - sensitive - 79ed7c16577ca637a708f39f1802119e.jpg,267964,79ed7c16577ca637a708f39f1802119e
Garçons (Gelbooru),Hairstyles/short_hair/beitemian - 7724011 - explicit - 73cf181c4c3c4c59a547273c37a05e78.jpg,171036,73cf181c4c3c4c59a547273c37a05e78
Garçons (Gelbooru),Hairstyles/short_hair/blackbox_(blackbox9158) - 12601724 - sensitive - e6a1d6998f0173d4de6162371417f30c.jpg,84365,e6a1d6998f0173d4de6162371417f30c
Garçons (Gelbooru),Hairstyles/short_hair/dreamxiety - 12790940 - questionable - d50cb2bf637cfc05953a1a02af5434af.png,684734,d50cb2bf637cfc05953a1a02af5434af
Garçons (Gelbooru),Hairstyles/short_hair/gomchichimoe - 10484454 - sensitive - d141d4a717c02a52be16461e4c81c590.jpg,199211,d141d4a717c02a52be16461e4c81c590
Garçons (Gelbooru),Hairstyles/short_hair/jianmo_sl - 2261892 - sensitive - 3b05899b6be30cda0eaa26947ef51594.png,183509,3b05899b6be30cda0eaa26947ef51594
Garçons (Gelbooru),Hairstyles/short_hair/jujeop - 9173860 - questionable - c308d10ed6c25f1a8ed406e269285caf.jpg,142024,c308d10ed6c25f1a8ed406e269285caf
Garçons (Gelbooru),Hairstyles/short_hair/nayoshi_(r-744) - 9901500 - questionable - 817a166831866903925ae10deaa61fd6.jpg,163658,817a166831866903925ae10deaa61fd6
Garçons (Gelbooru),Hairstyles/short_hair/shiro_(reptil) - 1365144 - sensitive - 1223671585508adb967fdb6ea0680f45.jpg,69944,1223671585508adb967fdb6ea0680f45
Garçons (Gelbooru),Hairstyles/two-tone_hair/ameyu_(ame12y) - 6010247 - sensitive - 96880e7eab57ad52cff5d15c7dea13f5.jpg,181197,96880e7eab57ad52cff5d15c7dea13f5
Garçons (Gelbooru),Hairstyles/two-tone_hair/anonymous - 5921650 - sensitive - 51a341cadc542f3b8cb77ac899e49f8f.png,210741,51a341cadc542f3b8cb77ac899e49f8f
Garçons (Gelbooru),Hairstyles/two-tone_hair/anonymous - 6010250 - sensitive - 359e8d87157f8b20ef7b9ac0be83ab01.jpg,120145,359e8d87157f8b20ef7b9ac0be83ab01
Garçons (Gelbooru),Hairstyles/two-tone_hair/anonymous - 6804099 - sensitive - a3f6610794567fca6870ed328722bc7c.jpg,246048,a3f6610794567fca6870ed328722bc7c
Garçons (Gelbooru),Hairstyles/two-tone_hair/ssm_chan_009 - 6904137 - sensitive - a53ab862518028caf2c6d8d66c809e68.png,120260,a53ab862518028caf2c6d8d66c809e68
Garçons (Gelbooru),Hairstyles/wet_hair/anonymous - 7191698 - sensitive - d5c032af52a50a4d453a600f1daccbbd.jpg,157325,d5c032af52a50a4d453a600f1daccbbd
Garçons (Gelbooru),headphones/akira_(nupekwa) - 7167585 - sensitive - 07efe677f7e2b969cfdfd650da0c03bf.jpg,330209,07efe677f7e2b969cfdfd650da0c03bf
Garçons (Gelbooru),headphones/doomie1 - 5861601 - sensitive - c8ea954e3507a750fc7c92ca02c1c006.jpg,381846,c8ea954e3507a750fc7c92ca02c1c006
Garçons (Gelbooru),headphones/echigoya_takeru - 7891160 - explicit - f0b7b91266ee5dc702ea73ef9097abd1.jpg,68466,f0b7b91266ee5dc702ea73ef9097abd1
Garçons (Gelbooru),headphones/hirota_tsuu - 3985877 - sensitive - 0e515c29fc23e2e66df4e7e6d03350de.png,82268,0e515c29fc23e2e66df4e7e6d03350de
Garçons (Gelbooru),headphones/jane_mere - 4278805 - sensitive - e53e77f6a7a242a5229ff3d774c0aa6e.png,193264,e53e77f6a7a242a5229ff3d774c0aa6e
Garçons (Gelbooru),headphones/kadeart - 7234981 - questionable - 7cf201865b74eceedd18ae67cc273bbd.jpg,85822,7cf201865b74eceedd18ae67cc273bbd
Garçons (Gelbooru),headphones/kadeart - 7263379 - questionable - 5aaf5a37915ef2ad2363d89c9526867a.jpg,59767,5aaf5a37915ef2ad2363d89c9526867a
Garçons (Gelbooru),headphones/taizi - 1425945 - general - a578c579f6d2bca2e8421dcb55d1c7d8.png,99305,a578c579f6d2bca2e8421dcb55d1c7d8
Garçons (Gelbooru),headphones/white_xxxx - 8681521 - sensitive - 5e5cd5aa7f8623c44a35937bb2af26a7.jpg,521113,5e5cd5aa7f8623c44a35937bb2af26a7
Garçons (Gelbooru),high_heels/anonymous - 5831673 - sensitive - 4e2020acf999b83744f1ddc7b32b711a.jpg,98020,4e2020acf999b83744f1ddc7b32b711a
Garçons (Gelbooru),high_heels/baretto_(karasi07) - 5339829 - questionable - 586a2b271e71c1a03ef58c9a705fcef4.jpg,248879,586a2b271e71c1a03ef58c9a705fcef4
Garçons (Gelbooru),high_heels/baretto_(karasi07) - 5339831 - sensitive - 07c050a5b1a646147320a8550ffd7574.jpg,210495,07c050a5b1a646147320a8550ffd7574
Garçons (Gelbooru),high_heels/baretto_(karasi07) - 5339841 - sensitive - 64a40ea39350ad16924a3c55cc1922a6.jpg,175641,64a40ea39350ad16924a3c55cc1922a6
Garçons (Gelbooru),high_heels/combos_&_doodles - 10102231 - explicit - 24ac7870e0896585aeb9459404b85eb8.jpg,152563,24ac7870e0896585aeb9459404b85eb8
Garçons (Gelbooru),high_heels/combos_&_doodles - 7175157 - sensitive - e975c2e52b3a7c2fa1c3c29c15a3a9ba.jpg,109283,e975c2e52b3a7c2fa1c3c29c15a3a9ba
Garçons (Gelbooru),high_heels/frogzone_art - 9415876 - explicit - 242bd466b612b9ca57843c54ce808155.jpg,297367,242bd466b612b9ca57843c54ce808155
Garçons (Gelbooru),high_heels/gelze - 3639621 - questionable - 6f3a8ea090597df0edb70e93ebf2f35f.jpg,33592,6f3a8ea090597df0edb70e93ebf2f35f
Garçons (Gelbooru),high_heels/ittla - 5234861 - explicit - 5bdd35cfd54660b3ead0847f7388335b.png,383846,5bdd35cfd54660b3ead0847f7388335b
Garçons (Gelbooru),high_heels/maneme - 7396378 - questionable - 24c7013898b76721010d4da0e8773708.png,248409,24c7013898b76721010d4da0e8773708
Garçons (Gelbooru),high_heels/meimone - 4296292 - explicit - 723578c0507f26a0ac87c4b08a63f5d3.png,164097,723578c0507f26a0ac87c4b08a63f5d3
Garçons (Gelbooru),high_heels/picturd - 9914524 - explicit - fc61d65226b2aa2cecec4b4e4b676951.jpg,232069,fc61d65226b2aa2cecec4b4e4b676951
Garçons (Gelbooru),high_heels/pomu_(joynet) - 8371442 - general - 8d0a3936dfc8c334056725f194da6f77.jpg,190441,8d0a3936dfc8c334056725f194da6f77
Garçons (Gelbooru),high_heels/seitarou - 7876605 - explicit - 2c8b052be91f807ab867c88bb469c4c9.jpg,190058,2c8b052be91f807ab867c88bb469c4c9
Garçons (Gelbooru),high_heels/shiwasena_buta - 6304944 - explicit - aeb1f49563340ebd9a42c1c963bf7ede.jpg,56296,aeb1f49563340ebd9a42c1c963bf7ede
Garçons (Gelbooru),high_heels/skyfiss - 5314770 - sensitive - 614ee586b6c93f9fdd00ff0f568c9218.jpg,146346,614ee586b6c93f9fdd00ff0f568c9218
Garçons (Gelbooru),high_heels/tokitsu_sousaku - 6688677 - sensitive - d5f0663534bbdf49947aa93f66d8a494.jpg,140209,d5f0663534bbdf49947aa93f66d8a494
Garçons (Gelbooru),high_heels/toxxy - 3254326 - explicit - 5eeed9cfe85498b1366b9ad5642aec70.png,273060,5eeed9cfe85498b1366b9ad5642aec70
Garçons (Gelbooru),high_heels/yamano_uzura - 4854028 - questionable - c64e6ac58e428d0548fec2c2067409d1.jpg,68886,c64e6ac58e428d0548fec2c2067409d1
Garçons (Gelbooru),high_heels/yamano_uzura - 5527499 - sensitive - c158ac77d3415a5fcbf4976cd2e5a6a5.jpg,86354,c158ac77d3415a5fcbf4976cd2e5a6a5
Garçons (Gelbooru),high_heels/yumegi_(bitter_orange215) - 5006358 - sensitive - 38b9ceb2320164973cdebcd940e935cb.png,214306,38b9ceb2320164973cdebcd940e935cb
Garçons (Gelbooru),humiliation/anonymous - 4762046 - explicit - 076300d374382f1c97bbebaca718e95b.png,428084,076300d374382f1c97bbebaca718e95b
Garçons (Gelbooru),humiliation/anonymous - 5232744 - explicit - 5d2a66d3b8ff2e8b59127a3cf922ffa6.png,260444,5d2a66d3b8ff2e8b59127a3cf922ffa6
Garçons (Gelbooru),humiliation/dorillis - 4417716 - explicit - d5e8c50350b16eff1dcb606e66f61e2e.jpg,271537,d5e8c50350b16eff1dcb606e66f61e2e
Garçons (Gelbooru),humiliation/kaf3art - 8090816 - explicit - f7364e689c6c5eb3d63c3929b582cca8.png,438533,f7364e689c6c5eb3d63c3929b582cca8
Garçons (Gelbooru),humiliation/karasu_(jjwh2832) - 6637129 - explicit - be3518de504f3cc10f1b6d8499599c5e.jpg,202712,be3518de504f3cc10f1b6d8499599c5e
Garçons (Gelbooru),humiliation/laovaan - 6233171 - explicit - 6ba878b300adaac011962bfe963f5b5c.jpg,166472,6ba878b300adaac011962bfe963f5b5c
Garçons (Gelbooru),humiliation/seta_makoto - 5929783 - questionable - 2f3da3a53c5a970bbe8ed284a2c19be5.png,355225,2f3da3a53c5a970bbe8ed284a2c19be5
Garçons (Gelbooru),imminent_rape/ziv_zivy - 8296164 - explicit - 169804db504352083a2d26d0060d814f.jpg,169904,169804db504352083a2d26d0060d814f
Garçons (Gelbooru),imminent_rape/ziv_zivy - 8341331 - explicit - 7217fd9cdc8edf15d53ed4e4b12488ed.jpg,312671,7217fd9cdc8edf15d53ed4e4b12488ed
Garçons (Gelbooru),instrument/amin_(aminblue) - 8671171 - sensitive - c11a7467fe4cddc2d83094ebce209030.jpg,205201,c11a7467fe4cddc2d83094ebce209030
Garçons (Gelbooru),interracial & interspecies/aaaninja - 2771709 - explicit - 32885bdab164a57bb2c23fb26502ca3a.jpg,149736,32885bdab164a57bb2c23fb26502ca3a
Garçons (Gelbooru),interracial & interspecies/aaaninja - 5540841 - explicit - 45e0a39fdc25824ff11f55c17688c222.jpg,173453,45e0a39fdc25824ff11f55c17688c222
Garçons (Gelbooru),interracial & interspecies/aaaninja - 5540847 - explicit - c0d1b6382e478684c0f3b565149d6040.jpg,185079,c0d1b6382e478684c0f3b565149d6040
Garçons (Gelbooru),interracial & interspecies/agawa_ryou - 3583949 - sensitive - 22f231d6018be88a40f9a6f9d0d73ac9.png,80071,22f231d6018be88a40f9a6f9d0d73ac9
Garçons (Gelbooru),interracial & interspecies/anonymous - 12595856 - explicit - d57cb3b940ff30f26441eb66b3e750f8.jpg,348952,d57cb3b940ff30f26441eb66b3e750f8
Garçons (Gelbooru),interracial & interspecies/anonymous - 13453727 - explicit - ac92f7389a9efaf88bdb0e7fa459c72a.jpg,174645,ac92f7389a9efaf88bdb0e7fa459c72a
Garçons (Gelbooru),interracial & interspecies/anonymous - 13518812 - explicit - 4494c721fe76a4cae79bcb0f3d1876fa.jpg,198466,4494c721fe76a4cae79bcb0f3d1876fa
Garçons (Gelbooru),interracial & interspecies/anonymous - 3685734 - explicit - dc09765955cd6cd5977b45e401b46f23.jpg,107845,dc09765955cd6cd5977b45e401b46f23
Garçons (Gelbooru),interracial & interspecies/anonymous - 5494590 - explicit - b2e00d5febfe077b6200cbac36b6fda5.jpg,253776,b2e00d5febfe077b6200cbac36b6fda5
Garçons (Gelbooru),interracial & interspecies/anonymous - 6919637 - explicit - b5f23d396a383471d49a0a973bef83f6.jpg,360313,b5f23d396a383471d49a0a973bef83f6
Garçons (Gelbooru),interracial & interspecies/anonymous - 6919638 - explicit - 02cd26b5edc9adb2476cc458d7bf4e90.jpg,261253,02cd26b5edc9adb2476cc458d7bf4e90
Garçons (Gelbooru),interracial & interspecies/anonymous - 6919639 - explicit - b6839f358a06e01995b5618b6d2c13f3.jpg,207998,b6839f358a06e01995b5618b6d2c13f3
Garçons (Gelbooru),interracial & interspecies/bunybunyboi - 11086466 - explicit - 662f58ec3e99f8d5f84f79a3e5c4a636.jpg,195706,662f58ec3e99f8d5f84f79a3e5c4a636
Garçons (Gelbooru),interracial & interspecies/chweng_(4_uyyu) - 9063225 - explicit - 6e626186d0df4e78e64a6783918aedf9.jpg,231491,6e626186d0df4e78e64a6783918aedf9
Garçons (Gelbooru),interracial & interspecies/combos_&_doodles - 10061104 - explicit - 40e56dc69e5405fde888c7310a4f2124.jpg,160159,40e56dc69e5405fde888c7310a4f2124
Garçons (Gelbooru),interracial & interspecies/combos_&_doodles - 5675276 - explicit - d4f34094585c9819340bd8cc9ef2ed6f.jpg,175909,d4f34094585c9819340bd8cc9ef2ed6f
Garçons (Gelbooru),interracial & interspecies/combos_&_doodles - 9438331 - explicit - 87e9937b39ea77b68f7dc05e258955d6.jpg,139653,87e9937b39ea77b68f7dc05e258955d6
Garçons (Gelbooru),interracial & interspecies/combos_&_doodles - 9563975 - explicit - 2a2e7ae3e99aa238c236f1e2bf297a51.jpg,186517,2a2e7ae3e99aa238c236f1e2bf297a51
Garçons (Gelbooru),interracial & interspecies/d_kake2 - 5247274 - explicit - a3b9361bd4ecd1760b5feb33845f16b1.jpg,218211,a3b9361bd4ecd1760b5feb33845f16b1
Garçons (Gelbooru),interracial & interspecies/damon - 7123022 - explicit - ac7671072878cbea047b6b2e69731b50.jpg,138522,ac7671072878cbea047b6b2e69731b50
Garçons (Gelbooru),interracial & interspecies/existenc3 - 10912241 - explicit - 0423e0c90899701314340b6c0261efe0.jpg,245261,0423e0c90899701314340b6c0261efe0
Garçons (Gelbooru),interracial & interspecies/frogzone_art - 8378596 - explicit - 0516de0eb4938dfd16c319be59f02986.jpg,241239,0516de0eb4938dfd16c319be59f02986
Garçons (Gelbooru),interracial & interspecies/g1_(jjw00123) - 7401520 - explicit - 997cefea63362bb6c0f9fc40288e611e.png,208531,997cefea63362bb6c0f9fc40288e611e
Garçons (Gelbooru),interracial & interspecies/g1_(jjw00123) - 7401537 - questionable - 6c165603a7c38788d0bf6de4c6243841.png,225137,6c165603a7c38788d0bf6de4c6243841
Garçons (Gelbooru),interracial & interspecies/gujira - 2685901 - explicit - 662425fb16dec02b59c1d1ac14013ce6.jpg,77172,662425fb16dec02b59c1d1ac14013ce6
Garçons (Gelbooru),interracial & interspecies/henzu-zu - 8871609 - explicit - 0da926e9eb7446baeeb20b36a6addce0.png,637881,0da926e9eb7446baeeb20b36a6addce0
Garçons (Gelbooru),interracial & interspecies/jtveemo - 6973470 - explicit - 3e70f45ce79988b980d566791a624283.jpg,223902,3e70f45ce79988b980d566791a624283
Garçons (Gelbooru),interracial & interspecies/jtveemo - 8288550 - explicit - 0c67556dd700a7d40d398d76a10c004f.png,262225,0c67556dd700a7d40d398d76a10c004f
Garçons (Gelbooru),interracial & interspecies/kameseru - 11724536 - explicit - f4b580d05c7fb165f7af5072d85ede40.jpg,75447,f4b580d05c7fb165f7af5072d85ede40
Garçons (Gelbooru),interracial & interspecies/kanashi_man - 7025465 - explicit - 5a3bd31441d175d4c752d0c586b2397a.jpg,193736,5a3bd31441d175d4c752d0c586b2397a
Garçons (Gelbooru),interracial & interspecies/konery_(reasonyou) - 12684104 - explicit - 0c448b3d41ff4400df4f2059461ec81b.png,624460,0c448b3d41ff4400df4f2059461ec81b
Garçons (Gelbooru),interracial & interspecies/konery_(reasonyou) - 8400547 - explicit - 12da9ca0d44917f2b8b347f1089ffed1.jpg,118757,12da9ca0d44917f2b8b347f1089ffed1
Garçons (Gelbooru),interracial & interspecies/lehanan-aida - 12217404 - explicit - 1a6f90f61e9042b0659fec0fe21b4137.jpg,245673,1a6f90f61e9042b0659fec0fe21b4137
Garçons (Gelbooru),interracial & interspecies/magulomaen - 7494994 - explicit - 6ca6f67ed5272e8997eb6cfb0704b2d2.png,187849,6ca6f67ed5272e8997eb6cfb0704b2d2
Garçons (Gelbooru),interracial & interspecies/mantis0 - 9753650 - explicit - 4b041eef014f0a0f4544564bc4b66a9f.jpg,372653,4b041eef014f0a0f4544564bc4b66a9f
Garçons (Gelbooru),interracial & interspecies/master_maichin - 5047685 - explicit - a9676fe5d0b7b446dbe70d5fed1b9d64.jpg,139980,a9676fe5d0b7b446dbe70d5fed1b9d64
Garçons (Gelbooru),interracial & interspecies/mizumizuni - 12361906 - explicit - f67889a90d8de4a0621c3595deb5b0a4.png,630247,f67889a90d8de4a0621c3595deb5b0a4
Garçons (Gelbooru),interracial & interspecies/namae_nayami-chu - 9233898 - explicit - eaa44784d01a5566d82b545afc193dab.jpg,315818,eaa44784d01a5566d82b545afc193dab
Garçons (Gelbooru),interracial & interspecies/natural_virtue - 10470826 - explicit - 015984f5e4b762df601953fdac618731.jpg,169266,015984f5e4b762df601953fdac618731
Garçons (Gelbooru),interracial & interspecies/nyantcha - 10657076 - explicit - 5f616a1a4cbb27d329c19a0b384bda53.jpg,373458,5f616a1a4cbb27d329c19a0b384bda53
Garçons (Gelbooru),interracial & interspecies/oricalcon - 6687798 - explicit - 65b6268c6500c4c665e1ae97578bf354.jpg,88967,65b6268c6500c4c665e1ae97578bf354
Garçons (Gelbooru),interracial & interspecies/picturd - 7763732 - explicit - a58f30b0b76835dfbf7426c92dbf9aa7.jpg,135038,a58f30b0b76835dfbf7426c92dbf9aa7
Garçons (Gelbooru),interracial & interspecies/qyti - 7587331 - explicit - a663c840877435db44f905fdf39e7554.png,482853,a663c840877435db44f905fdf39e7554
Garçons (Gelbooru),interracial & interspecies/rbq_lilim - 9491437 - explicit - 9c2e715d829b30faabea3883a8dbdd3b.jpg,311960,9c2e715d829b30faabea3883a8dbdd3b
Garçons (Gelbooru),interracial & interspecies/red_cornea_blue - 9516430 - explicit - ce61d6bbf1cf26efda9176031c8a4d96.png,463964,ce61d6bbf1cf26efda9176031c8a4d96
Garçons (Gelbooru),interracial & interspecies/riderxtremex - 12461612 - explicit - 8d453ec934b738a5d186b16fcf6a7ee9.jpg,100108,8d453ec934b738a5d186b16fcf6a7ee9
Garçons (Gelbooru),interracial & interspecies/ripushko - 12509612 - explicit - 30c8f7c9573c709dbbd160360c6658f7.jpg,214783,30c8f7c9573c709dbbd160360c6658f7
Garçons (Gelbooru),interracial & interspecies/sabu_(sabudenego) - 11021362 - explicit - 52d028559f9f14303b3b1100414bcbc4.jpg,264238,52d028559f9f14303b3b1100414bcbc4
Garçons (Gelbooru),interracial & interspecies/sakaki_yachi - 6479917 - questionable - c090693e578b22157d0eed8b39b6ade3.jpg,128773,c090693e578b22157d0eed8b39b6ade3
Garçons (Gelbooru),interracial & interspecies/samsara_(shuukeura) - 9220852 - explicit - fff766c8e3b8a472b857116ff3407f64.jpg,244814,fff766c8e3b8a472b857116ff3407f64
Garçons (Gelbooru),interracial & interspecies/shunta_(syunta_87) - 6409997 - explicit - 15d4f2385c0259d8d4f196df96bbb040.jpg,111646,15d4f2385c0259d8d4f196df96bbb040
Garçons (Gelbooru),interracial & interspecies/sunaba_(nczd5875) - 5765324 - explicit - a45a49c7b409e46dec96070f34de3e34.jpg,169761,a45a49c7b409e46dec96070f34de3e34
Garçons (Gelbooru),interracial & interspecies/tentakun - 3972564 - explicit - 7d3c1077d0a819e481d42d8c46d57a4a.jpg,94421,7d3c1077d0a819e481d42d8c46d57a4a
Garçons (Gelbooru),interracial & interspecies/tokupyon - 8191787 - explicit - 2486476b104ea9bae9374ea526d8fd96.png,834858,2486476b104ea9bae9374ea526d8fd96
Garçons (Gelbooru),interracial & interspecies/yellowroom - 5585014 - explicit - 6dbb39978445d415555603de2d6a6aad.jpg,118556,6dbb39978445d415555603de2d6a6aad
Garçons (Gelbooru),interracial & interspecies/yuuma_(yuma1111) - 7060953 - explicit - 58ea1625c7ea646684eb937812de4c12.png,472479,58ea1625c7ea646684eb937812de4c12
Garçons (Gelbooru),interracial & interspecies/ziv_zivy - 7535434 - explicit - f001da745b9538803eb5ccaea73f87cb.jpg,218020,f001da745b9538803eb5ccaea73f87cb
Garçons (Gelbooru),interracial & interspecies/ziv_zivy - 9749614 - explicit - d4a25416c6483bc7a5ccd6a923136754.jpg,142167,d4a25416c6483bc7a5ccd6a923136754
Garçons (Gelbooru),knight/jun_(navigavi) - 8822932 - general - 9eaf6fa60262b027051235f2ec6659ed.jpg,250395,9eaf6fa60262b027051235f2ec6659ed
Garçons (Gelbooru),knight/kkung - 4120453 - sensitive - 11944d86579334306420e7acda86a0c9.jpg,156247,11944d86579334306420e7acda86a0c9
Garçons (Gelbooru),knight/rikui_(rella2930) - 4581250 - sensitive - 719a67c57daa3e4f32515bc9d29293a9.png,214971,719a67c57daa3e4f32515bc9d29293a9
Garçons (Gelbooru),leash/anonymous - 3551037 - questionable - 8b8a14d8cf2bfb400cd963e2d5130ffc.jpg,101097,8b8a14d8cf2bfb400cd963e2d5130ffc
Garçons (Gelbooru),leash/kohaku_syotadesugananika & kousuke_(ko_suke) - 7239794 - explicit - 1d337f4e9cee956dd4fc7f148ec520a8.png,380365,1d337f4e9cee956dd4fc7f148ec520a8
Garçons (Gelbooru),leash/kokuchuutei - 7450116 - questionable - 0ee7dd123a1353de53ec8e0bb1cf0247.jpg,232358,0ee7dd123a1353de53ec8e0bb1cf0247
Garçons (Gelbooru),leash/yamamuro_momiji - 7319241 - explicit - 2cb99fa0252dd0158ed89e68ae58305c.jpg,66687,2cb99fa0252dd0158ed89e68ae58305c
Garçons (Gelbooru),magical_girl/kanosigu - 3336674 - questionable - 5fab99a30529628b21a994476219ce6c.jpg,251928,5fab99a30529628b21a994476219ce6c
Garçons (Gelbooru),magical_girl/saamon_(dream81come) - 2755469 - sensitive - eaf1d3888ecab1c26c44c835e38d1a10.jpg,115631,eaf1d3888ecab1c26c44c835e38d1a10
Garçons (Gelbooru),magical_girl/sailor_uranus slaine_troyard/tarakoutibiru - 2648414 - sensitive - 80f4f0ff833d3060ec2cf4df6fe8ec5e.jpg,47525,80f4f0ff833d3060ec2cf4df6fe8ec5e
Garçons (Gelbooru),maid/@@@_(eckzahn) - 5432143 - sensitive - 7114432fd807ddc9f9632e8756a0993b.jpg,229757,7114432fd807ddc9f9632e8756a0993b
Garçons (Gelbooru),maid/akagi_kurage - 4227571 - general - a6233b47627cd7e8a0bb44db25f05338.jpg,103974,a6233b47627cd7e8a0bb44db25f05338
Garçons (Gelbooru),maid/anonymous - 11540961 - sensitive - dded2720c5db6fd3acbe4a2121d68bc0.png,497876,dded2720c5db6fd3acbe4a2121d68bc0
Garçons (Gelbooru),maid/anonymous - 13139834 - sensitive - 49a8fdb567200cbfe3d2131ea95cb89c.jpg,147427,49a8fdb567200cbfe3d2131ea95cb89c
Garçons (Gelbooru),maid/anonymous - 14373778 - sensitive - 4cf7437d84f9bd499a7579826d745bd9.jpg,277967,4cf7437d84f9bd499a7579826d745bd9
Garçons (Gelbooru),maid/anonymous - 6097283 - sensitive - 88f8b43cc3f2b4e579f1a2d07e90f311.jpg,167374,88f8b43cc3f2b4e579f1a2d07e90f311
Garçons (Gelbooru),maid/anonymous - 7214805 - sensitive - 2b2b6ffe161285fd731590a44ecd35fa.jpg,184904,2b2b6ffe161285fd731590a44ecd35fa
Garçons (Gelbooru),maid/azulasi - 10326331 - sensitive - bc197dcc656b2150c31467c528b6db31.jpg,299943,bc197dcc656b2150c31467c528b6db31
Garçons (Gelbooru),maid/chihuri - 9465161 - general - e63387cd91c33285a954fb0c0053741a.jpg,172545,e63387cd91c33285a954fb0c0053741a
Garçons (Gelbooru),maid/chihuri - 9465164 - general - c873e73c8789f523790d8eb77a731abd.jpg,177984,c873e73c8789f523790d8eb77a731abd
Garçons (Gelbooru),maid/chihuri - 9465165 - general - 16a8e91bdb2d4a40e798b9d2267b6c1d.jpg,139383,16a8e91bdb2d4a40e798b9d2267b6c1d
Garçons (Gelbooru),maid/chihuri - 9465166 - sensitive - abf42f7b5693f53300a0ff940989c719.jpg,160285,abf42f7b5693f53300a0ff940989c719
Garçons (Gelbooru),maid/chihuri - 9465167 - general - ed4618d9341dae512723e6c3e8cffb23.jpg,160100,ed4618d9341dae512723e6c3e8cffb23
Garçons (Gelbooru),maid/chihuri - 9465168 - general - d453d0478d1a9723e47d1c47fe966a4d.jpg,134692,d453d0478d1a9723e47d1c47fe966a4d
Garçons (Gelbooru),maid/chihuri - 9465170 - general - e50f43449c17dfd8c8bd09899cb4458d.jpg,164981,e50f43449c17dfd8c8bd09899cb4458d
Garçons (Gelbooru),maid/chihuri - 9465172 - general - b3437543d29ab54a4520f33313898d01.jpg,171061,b3437543d29ab54a4520f33313898d01
Garçons (Gelbooru),maid/chihuri - 9687575 - general - d9d1c5ba55f610d66354d3524bd1e944.jpg,165304,d9d1c5ba55f610d66354d3524bd1e944
Garçons (Gelbooru),maid/chihuri - 9687576 - general - 07983135906e21270e933fb635f2a7f5.jpg,131657,07983135906e21270e933fb635f2a7f5
Garçons (Gelbooru),maid/chihuri - 9687579 - general - 20ac3fe4444316292f42de99f6977fc2.jpg,182590,20ac3fe4444316292f42de99f6977fc2
Garçons (Gelbooru),maid/d_kake2 - 5849689 - explicit - 9c65839adeb0038d5b55cf25b1a32c61.png,479643,9c65839adeb0038d5b55cf25b1a32c61
Garçons (Gelbooru),maid/fuku_(fuku12290574) - 10833574 - sensitive - af529a21e8f62e6564526dff6213d552.jpg,192946,af529a21e8f62e6564526dff6213d552
Garçons (Gelbooru),maid/gujira - 2477287 - explicit - a93276e745db02f5ddad0d776cecdde5.jpg,238532,a93276e745db02f5ddad0d776cecdde5
Garçons (Gelbooru),maid/harris_hero - 6507603 - questionable - c4447c6011594a9ee9c318ea0089b426.png,302078,c4447c6011594a9ee9c318ea0089b426
Garçons (Gelbooru),maid/ikemeru19 - 6515470 - questionable - 7ec1846f3e8016bc5daee2c754b575b0.jpg,163166,7ec1846f3e8016bc5daee2c754b575b0
Garçons (Gelbooru),maid/imamiya_pinoko - 12572727 - sensitive - 156b5c3eb03c6152630212ea0c39a8ec.jpg,404513,156b5c3eb03c6152630212ea0c39a8ec
Garçons (Gelbooru),maid/imamiya_pinoko - 13955616 - sensitive - d8a7a04737dcdd3cdadb0d13e3215391.jpg,421981,d8a7a04737dcdd3cdadb0d13e3215391
Garçons (Gelbooru),maid/imamiya_pinoko - 6896800 - sensitive - 5652b1432d5e155681aa7064b6b0c1f6.jpg,295059,5652b1432d5e155681aa7064b6b0c1f6
Garçons (Gelbooru),maid/imamiya_pinoko - 7227212 - sensitive - 6a1c06f45e0e562a5898cc9fdad21adc.jpg,185343,6a1c06f45e0e562a5898cc9fdad21adc
Garçons (Gelbooru),maid/imamiya_pinoko - 7598604 - questionable - f3998210f40992b00e077f6f2e538743.jpg,185377,f3998210f40992b00e077f6f2e538743
Garçons (Gelbooru),maid/imamiya_pinoko - 8000736 - questionable - 8b6611ea513d221f56b41c15951b212f.jpg,303029,8b6611ea513d221f56b41c15951b212f
Garçons (Gelbooru),maid/imamiya_pinoko - 9151795 - sensitive - dbeb2fd3315bcea848e3c02d643a9404.jpg,344671,dbeb2fd3315bcea848e3c02d643a9404
Garçons (Gelbooru),maid/jujeop - 10606514 - sensitive - ed2434e31773f15b67cbeaa0ece33f46.jpg,182560,ed2434e31773f15b67cbeaa0ece33f46
Garçons (Gelbooru),maid/kadeart - 7237656 - questionable - 2d09f052dac994621f67f2246fbd3d9f.jpg,66670,2d09f052dac994621f67f2246fbd3d9f
Garçons (Gelbooru),maid/kamiro_(kamin_r0) - 14169457 - sensitive - 13c8445c8adcba0d2eeecff0e37637e3.png,1702655,13c8445c8adcba0d2eeecff0e37637e3
Garçons (Gelbooru),maid/kiyonagi - 9511708 - sensitive - 3973994ed927fd954ab56da422f1f1c4.png,686488,3973994ed927fd954ab56da422f1f1c4
Garçons (Gelbooru),maid/morino_bambi - 4855168 - questionable - 10bc78f1d0d8eb297dd0831df1697ca7.jpg,195519,10bc78f1d0d8eb297dd0831df1697ca7
Garçons (Gelbooru),maid/pepero_(prprlo) - 6976952 - explicit - 304aafc9a503b6cb4de095a7e50c3bae.png,341925,304aafc9a503b6cb4de095a7e50c3bae
Garçons (Gelbooru),maid/seitarou - 6165168 - questionable - 6838887ee90ca16403c1ea63488150dc.jpg,241913,6838887ee90ca16403c1ea63488150dc
Garçons (Gelbooru),maid/shisei_(kyuushoku_banchou) - 7456482 - sensitive - c63d30d6cd39b962fb67088b28c5b0a9.png,819012,c63d30d6cd39b962fb67088b28c5b0a9
Garçons (Gelbooru),maid/sp1nosaur - 13372504 - sensitive - 9e67812f28c2fdb4a606915e9e29aab3.jpg,404133,9e67812f28c2fdb4a606915e9e29aab3
Garçons (Gelbooru),maid/sp1nosaur - 13372569 - sensitive - 77bc2dd2f530bd8e9c248b71f870bfd2.jpg,380597,77bc2dd2f530bd8e9c248b71f870bfd2
Garçons (Gelbooru),maid/tawapo - 11610940 - sensitive - d3ea70341feb463e6a45820ceae8f99f.jpg,152717,d3ea70341feb463e6a45820ceae8f99f
Garçons (Gelbooru),maid/tawapo - 12010026 - sensitive - 6201d67f9c0292cb36dcd24829b21fc5.jpg,145192,6201d67f9c0292cb36dcd24829b21fc5
Garçons (Gelbooru),military_uniform/anonymous - 7186112 - sensitive - 8b818651d9ef10dd37defff8854ef148.png,690221,8b818651d9ef10dd37defff8854ef148
Garçons (Gelbooru),molestation/shoura - 7771969 - explicit - 2002edb542632da0a4c7d14dc8c91fb7.jpg,135750,2002edb542632da0a4c7d14dc8c91fb7
Garçons (Gelbooru),netorare/incognitymous - 1998303 - explicit - bf19fc867c6f093e0f7df25b3030abc0.png,407617,bf19fc867c6f093e0f7df25b3030abc0
Garçons (Gelbooru),ninja/asuka_shirou - 7410433 - general - f809b5512008ab24ac931e025de76104.jpg,168386,f809b5512008ab24ac931e025de76104
Garçons (Gelbooru),ninja/menka - 6539728 - sensitive - 081f8b04fcdcd70744873a840e969583.jpg,120840,081f8b04fcdcd70744873a840e969583
Garçons (Gelbooru),ninja/naeun_(pinky1866) - 2959763 - sensitive - 8ae44703a0b0440168d6ab200fb8a474.png,149541,8ae44703a0b0440168d6ab200fb8a474
Garçons (Gelbooru),ninja/seitarou - 2842019 - sensitive - 178e27537d678119e591c022a88b7040.jpg,184403,178e27537d678119e591c022a88b7040
Garçons (Gelbooru),ninja/yur11 - 10475974 - general - c6257639000108ddead9780d369ec9aa.jpg,359720,c6257639000108ddead9780d369ec9aa
Garçons (Gelbooru),nun/ag_(ag_nkfg) - 8424136 - explicit - 4e4aa06b529d0dd321c765df707efeae.jpg,95556,4e4aa06b529d0dd321c765df707efeae
Garçons (Gelbooru),nun/anonymous - 7279652 - sensitive - 1921e888b2ce4502cc8e62b9e976d167.jpg,176465,1921e888b2ce4502cc8e62b9e976d167
Garçons (Gelbooru),nun/eeeeeiti_aka - 7774739 - questionable - d2107f61ea6f611041f6b1a19d2f59cd.png,216041,d2107f61ea6f611041f6b1a19d2f59cd
Garçons (Gelbooru),nun/eeeeeiti_aka - 7775089 - questionable - 4c5798134e6729f31d1ff0e7bf8d95f0.png,263187,4c5798134e6729f31d1ff0e7bf8d95f0
Garçons (Gelbooru),nun/rayuse - 5229243 - general - 4c2b3443647853c88e3d5bb7d16b0e95.jpg,148447,4c2b3443647853c88e3d5bb7d16b0e95
Garçons (Gelbooru),nun/steamed_egg - 5189165 - explicit - 8dcd894cf556fc93ac3d7562478a8c9e.jpg,215846,8dcd894cf556fc93ac3d7562478a8c9e
Garçons (Gelbooru),nun/wachiwo - 13421255 - explicit - 2c9dff3207035692ee28aaa7b4be8179.png,109017,2c9dff3207035692ee28aaa7b4be8179
Garçons (Gelbooru),nun/ziv_zivy - 9749617 - explicit - 066a3a8e45261b7a5440d18ed9239aa3.jpg,144792,066a3a8e45261b7a5440d18ed9239aa3
Garçons (Gelbooru),nurse/chihuri - 9465162 - general - 67229b575b90ac9a5b6dd9a7e4b9aed0.jpg,162875,67229b575b90ac9a5b6dd9a7e4b9aed0
Garçons (Gelbooru),pegging/ahen_(mosamosa41) - 5627088 - explicit - 510af45cfec266f8128f7c4a41c436e8.png,161452,510af45cfec266f8128f7c4a41c436e8
Garçons (Gelbooru),pegging/raitaroo - 5610905 - explicit - 288a4ef5956bb848bd2fdc3bd8a88102.jpg,179015,288a4ef5956bb848bd2fdc3bd8a88102
Garçons (Gelbooru),pegging/sundaeqi_(akisenpai9999) & wwkp_(akisenpai9999) - 9576998 - explicit - c2e482fb69fc39501de76e00a4192d14.png,1577659,c2e482fb69fc39501de76e00a4192d14
Garçons (Gelbooru),penis_on_face/bluegiragi - 9182146 - explicit - 86535da8663faf59c59c6dcf641bfc42.jpg,102735,86535da8663faf59c59c6dcf641bfc42
Garçons (Gelbooru),penis_on_face/rinmirin - 10911560 - explicit - d584a7ff5b0c755d440f8c7b70126d60.png,1306375,d584a7ff5b0c755d440f8c7b70126d60
Garçons (Gelbooru),penis_on_face/toothbrush_(artist) - 10016068 - explicit - afbd3ed511e7a979d1ab91f39f0a4d6c.png,804788,afbd3ed511e7a979d1ab91f39f0a4d6c
Garçons (Gelbooru),pet_play/seitarou - 7876526 - explicit - 271f12c3de48a723eb9b16a3dace5752.jpg,249091,271f12c3de48a723eb9b16a3dace5752
Garçons (Gelbooru),Piercings/headphones piercing/white_xxxx - 9794861 - sensitive - 96e3ea9d224b8c1c00e4885993cd736b.jpg,599948,96e3ea9d224b8c1c00e4885993cd736b
Garçons (Gelbooru),Piercings/piercing ear_piercing nipple_piercing navel_piercing/kouya_toufu - 13313398 - explicit - 18ea6f1ac40e91ae403963256df0664c.jpg,204862,18ea6f1ac40e91ae403963256df0664c
Garçons (Gelbooru),Piercings/piercing ear_piercing/tenonom - 13366205 - explicit - 2501fc10d37905c8d84c51c034836bb4.png,370162,2501fc10d37905c8d84c51c034836bb4
Garçons (Gelbooru),Piercings/piercing undressing/morino_bambi - 4855169 - questionable - 3b1414413b88dc761dbb9e473b460821.jpg,227982,3b1414413b88dc761dbb9e473b460821
Garçons (Gelbooru),Piercings/piercing/anonymous - 10041108 - sensitive - 7f2a2b31362403a25819ef187cba5d21.jpg,164196,7f2a2b31362403a25819ef187cba5d21
Garçons (Gelbooru),Piercings/piercing/anonymous - 11482571 - explicit - 57a061886ead8b5e28af71730ed0a4d9.jpg,206469,57a061886ead8b5e28af71730ed0a4d9
Garçons (Gelbooru),Piercings/piercing/anonymous - 7001107 - general - 641e471bb2b857d606d0024462086612.jpg,320089,641e471bb2b857d606d0024462086612
Garçons (Gelbooru),Piercings/piercing/anonymous - 7127762 - sensitive - e442a560e66b2d3b56d62c1ef574afcc.jpg,196257,e442a560e66b2d3b56d62c1ef574afcc
Garçons (Gelbooru),Piercings/piercing/bobamiruku - 10589934 - sensitive - a4116feb12887e1e9e4d9592a467f9d0.jpg,361593,a4116feb12887e1e9e4d9592a467f9d0
Garçons (Gelbooru),Piercings/piercing/chihuri - 9634494 - general - cc38daa1340f8e4200e62fe8838bcb13.jpg,280101,cc38daa1340f8e4200e62fe8838bcb13
Garçons (Gelbooru),Piercings/piercing/dancho_(dancyo) - 3940668 - general - adcfb0ffcd3d154b8bc18d989503fc92.jpg,217014,adcfb0ffcd3d154b8bc18d989503fc92
Garçons (Gelbooru),Piercings/piercing/dancho_(dancyo) - 3940671 - sensitive - 55005071c0e2e817bf0aea248fd8a694.jpg,194017,55005071c0e2e817bf0aea248fd8a694
Garçons (Gelbooru),Piercings/piercing/dancho_(dancyo) - 6126271 - sensitive - 8939ca586b86b03f3301533fd9ca63f8.jpg,185082,8939ca586b86b03f3301533fd9ca63f8
Garçons (Gelbooru),Piercings/piercing/kadeart - 7059571 - questionable - 0ccb4f7faeade38ee02f9869745efcce.jpg,60207,0ccb4f7faeade38ee02f9869745efcce
Garçons (Gelbooru),Piercings/piercing/kadeart - 7135755 - questionable - 2667657477e553403e471d29343e21b0.jpg,67250,2667657477e553403e471d29343e21b0
Garçons (Gelbooru),Piercings/piercing/keisea - 7743509 - sensitive - 135267552c593f56a1e13f3ce31bb5e7.jpg,177370,135267552c593f56a1e13f3ce31bb5e7
Garçons (Gelbooru),Piercings/piercing/konbu_wakame - 4754384 - questionable - 6759a65b742e444b3446719e79a32958.jpg,202691,6759a65b742e444b3446719e79a32958
Garçons (Gelbooru),Piercings/piercing/konbu_wakame - 4754386 - questionable - 23c02a9c21cdb26ac990f95934dd7de0.jpg,217747,23c02a9c21cdb26ac990f95934dd7de0
Garçons (Gelbooru),Piercings/piercing/meiji_(meiji770) - 11758860 - sensitive - 501769568411203746ad3210828460e8.jpg,52471,501769568411203746ad3210828460e8
Garçons (Gelbooru),Piercings/piercing/nia_(x_x02) - 6697465 - sensitive - 1d931c256c2b516eb2aac51846c9d819.png,411757,1d931c256c2b516eb2aac51846c9d819
Garçons (Gelbooru),Piercings/piercing/pas_(paxiti) - 4306120 - sensitive - f976174fc607183d5ff447d7ee9964b4.jpg,95187,f976174fc607183d5ff447d7ee9964b4
Garçons (Gelbooru),Piercings/piercing/rokuzukeita - 9962631 - questionable - 7c7545b53369aa5958bab4b24fe013d9.jpg,80591,7c7545b53369aa5958bab4b24fe013d9
Garçons (Gelbooru),Piercings/piercing/semi_(p-poco) - 11354622 - sensitive - 47952f016144130e7ed19491ec2ba016.jpg,273649,47952f016144130e7ed19491ec2ba016
Garçons (Gelbooru),Piercings/piercing/shisei_(kyuushoku_banchou) - 12605884 - sensitive - 93e8fabd943240c7e9af46c1f964bd5c.png,710546,93e8fabd943240c7e9af46c1f964bd5c
Garçons (Gelbooru),Piercings/piercing/st_(youx1119) - 10204463 - sensitive - c230d38d04fc1587dfd01054c3441fce.jpg,204426,c230d38d04fc1587dfd01054c3441fce
Garçons (Gelbooru),Piercings/piercing/tarou_to_hana_ko - 5189559 - sensitive - c0cc3373325aa6ab23ba7619013a868d.jpg,215524,c0cc3373325aa6ab23ba7619013a868d
Garçons (Gelbooru),Piercings/piercing/tawapo - 11610941 - questionable - 1358b5d0474c89c80c0e6810bde97cb7.jpg,164182,1358b5d0474c89c80c0e6810bde97cb7
Garçons (Gelbooru),Piercings/piercing/tawapo - 7022711 - questionable - 9a32173730a75ada855a102e45663ec5.jpg,160632,9a32173730a75ada855a102e45663ec5
Garçons (Gelbooru),Piercings/piercing/tawapo - 7349610 - sensitive - 9f05d3a2b0c0c5ee112e8423a678ff31.jpg,203198,9f05d3a2b0c0c5ee112e8423a678ff31
Garçons (Gelbooru),Piercings/piercing/toxxy - 7711343 - explicit - d4765939f5786e02e68f612e5c9fd713.png,275509,d4765939f5786e02e68f612e5c9fd713
Garçons (Gelbooru),Piercings/piercing/tweenstrip - 12233170 - sensitive - 7449e2a018cd4eac56efd6f86d49bafe.jpg,435814,7449e2a018cd4eac56efd6f86d49bafe
Garçons (Gelbooru),Piercings/piercing/white_xxxx - 9794859 - sensitive - 866a08a653d6c1dc9a609b54ff05b9d2.jpg,400390,866a08a653d6c1dc9a609b54ff05b9d2
Garçons (Gelbooru),Piercings/piercing/yamasaki_haruta - 3540982 - sensitive - 873e42d6f5c9e3c8709da8c23f412dbe.jpg,217817,873e42d6f5c9e3c8709da8c23f412dbe
Garçons (Gelbooru),pole_dancing/hiki_yuichi - 3580190 - questionable - efcfdb937be6b227066677ddf366beb1.jpg,32991,efcfdb937be6b227066677ddf366beb1
Garçons (Gelbooru),police_uniform/aguaaaaa4 - 9014947 - general - d77978ffaac435c3d9f7a5f83b4d180f.jpg,137192,d77978ffaac435c3d9f7a5f83b4d180f
Garçons (Gelbooru),police_uniform/bluefield - 7855638 - sensitive - fc49e5041ca3ce4e2943b9a8b7f86ffa.png,170818,fc49e5041ca3ce4e2943b9a8b7f86ffa
Garçons (Gelbooru),police_uniform/dbox_2525 - 7994843 - questionable - 09fbb7d9320b04e262f16de7cac2bafe.jpg,201909,09fbb7d9320b04e262f16de7cac2bafe
Garçons (Gelbooru),police_uniform/doro_(sabarudoro) - 1122093 - sensitive - e5a32930931692f8d6ac6c8b59d24372.jpg,128583,e5a32930931692f8d6ac6c8b59d24372
Garçons (Gelbooru),police_uniform/jujeop - 9095151 - questionable - 8e5c72bd99cd87466ab343721d5c3ebc.jpg,228453,8e5c72bd99cd87466ab343721d5c3ebc
Garçons (Gelbooru),police_uniform/sukja - 7050210 - sensitive - 933c97f08f6a20d18b6ed3d18baf7435.jpg,172872,933c97f08f6a20d18b6ed3d18baf7435
Garçons (Gelbooru),pregnant/combos_&_doodles - 11372164 - explicit - de13d47f4bd369a856b3a3e73abe9a14.jpg,216949,de13d47f4bd369a856b3a3e73abe9a14
Garçons (Gelbooru),pregnant/geepmcbeep - 12075576 - explicit - 7459bd6dfbaace9cd44c8a691c95fa8b.png,304255,7459bd6dfbaace9cd44c8a691c95fa8b
Garçons (Gelbooru),pregnant/picturd - 12123712 - explicit - 7fbad14db467906c3e7b6983302ecf45.jpg,181576,7fbad14db467906c3e7b6983302ecf45
Garçons (Gelbooru),pregnant/toriyoshi - 7157189 - explicit - fca15f491384ba0edc55f38cc256ce55.png,387169,fca15f491384ba0edc55f38cc256ce55
Garçons (Gelbooru),priest/anonymous - 9609622 - general - 20b3cf46c48bde46f1fc95aa0ca76c2c.jpg,327539,20b3cf46c48bde46f1fc95aa0ca76c2c
Garçons (Gelbooru),prisoner/anonymous - 8091407 - questionable - 4245e10406b5f8f74444d2aa659a8acd.jpg,132786,4245e10406b5f8f74444d2aa659a8acd
Garçons (Gelbooru),prostitution/daitabashi_kinu - 3840063 - explicit - ccedd984e561ae54f41b4e1daa03616b.jpg,136946,ccedd984e561ae54f41b4e1daa03616b
Garçons (Gelbooru),public_use/satyros - 2661490 - explicit - 1b637136002787a830761b460e5d115e.jpg,166933,1b637136002787a830761b460e5d115e
Garçons (Gelbooru),Races/orc/ziv_zivy - 12588763 - explicit - da62c452a911cf4481075a0603028d5f.jpg,141664,da62c452a911cf4481075a0603028d5f
Garçons (Gelbooru),Races/vampire/akumana - 11999288 - sensitive - ae318b9848c7c9d4e70f5520c6c83383.png,958783,ae318b9848c7c9d4e70f5520c6c83383
Garçons (Gelbooru),rape broken_rape_victim/g1 & jjw1029 - 8438763 - explicit - 2ec7bd8146f451ab5eb3bfb8a9a65430.png,597911,2ec7bd8146f451ab5eb3bfb8a9a65430
Garçons (Gelbooru),rape imminent_rape/anonymous - 6223761 - questionable - 7bc71f0ea34ec9cef6854e414bd2bbbf.png,863027,7bc71f0ea34ec9cef6854e414bd2bbbf
Garçons (Gelbooru),rape imminent_rape/greco_roman_(spiral_brain) - 1148254 - questionable - d5e11f358797ded0d9edab80a1d91e4c.jpg,162083,d5e11f358797ded0d9edab80a1d91e4c
Garçons (Gelbooru),rape restrained/izumi_nekotsuki & nukobaooo - 4082162 - explicit - 6870b090f780a4b3f45bbf2c9ccdbe9b.jpg,186843,6870b090f780a4b3f45bbf2c9ccdbe9b
Garçons (Gelbooru),rape restrained/izumi_nekotsuki - 4082026 - explicit - 34a9842ddba4a624b3114ac4391776f2.jpg,125362,34a9842ddba4a624b3114ac4391776f2
Garçons (Gelbooru),rape restrained/mondi_hl - 5677805 - explicit - 644f6c43e770426a974fc3aa0ff64187.jpg,179595,644f6c43e770426a974fc3aa0ff64187
Garçons (Gelbooru),rape restrained/xnirox - 4009617 - explicit - 34f7d13a935688149c000cddcec0172c.png,512777,34f7d13a935688149c000cddcec0172c
Garçons (Gelbooru),rape/a-a - 328312 - explicit - 010f95c0c1bfb112cb4be19c2aa2058f.jpg,165735,010f95c0c1bfb112cb4be19c2aa2058f
Garçons (Gelbooru),rape/anonymous - 1157500 - explicit - 26630774e6eb01b134d36703683421ab.jpg,162133,26630774e6eb01b134d36703683421ab
Garçons (Gelbooru),rape/anonymous - 1354076 - explicit - a03fe16b05fd7a01605f1721415791f5.jpg,54998,a03fe16b05fd7a01605f1721415791f5
Garçons (Gelbooru),rape/anonymous - 2847021 - explicit - d4a77c26f5305ab04bd3101ae1bee0a9.jpg,176320,d4a77c26f5305ab04bd3101ae1bee0a9
Garçons (Gelbooru),rape/anonymous - 2943013 - explicit - 3738a1432ad22512d54b870223ccb759.jpg,135339,3738a1432ad22512d54b870223ccb759
Garçons (Gelbooru),rape/anonymous - 2949727 - explicit - 69a00caf9f71f5fce1d66f57553eb827.jpg,80060,69a00caf9f71f5fce1d66f57553eb827
Garçons (Gelbooru),rape/arsh_(thestarwish) - 6236796 - explicit - 2c64d68b2ee5cd8075e1a5d5211814c8.jpg,258251,2c64d68b2ee5cd8075e1a5d5211814c8
Garçons (Gelbooru),rape/ashva - 8233999 - explicit - fc4fbcb0ce9d45989fde57bf8eb2007e.jpg,232760,fc4fbcb0ce9d45989fde57bf8eb2007e
Garçons (Gelbooru),rape/bean_tan - 10547922 - explicit - 0861c6c3499f7ce562f0664663f9b51b.jpg,189155,0861c6c3499f7ce562f0664663f9b51b
Garçons (Gelbooru),rape/beitemian - 3725628 - explicit - 5c4c7a7165e4350f8517251af5763a02.jpg,99194,5c4c7a7165e4350f8517251af5763a02
Garçons (Gelbooru),rape/beitemian - 3725654 - explicit - b78d8ec9723d0c7ea97ba1963f9efd09.jpg,126429,b78d8ec9723d0c7ea97ba1963f9efd09
Garçons (Gelbooru),rape/bitte - 524290 - explicit - 55d4a7b2307f000e17bef0e11a5c1226.jpg,99153,55d4a7b2307f000e17bef0e11a5c1226
Garçons (Gelbooru),rape/bitte - 528361 - explicit - 50bd06aa13196e353e7cd18c5873cfdb.jpg,91984,50bd06aa13196e353e7cd18c5873cfdb
Garçons (Gelbooru),rape/boys_musume. - 2457937 - explicit - ddcb5f7071528727283cc91a9a47b1dc.jpg,207681,ddcb5f7071528727283cc91a9a47b1dc
Garçons (Gelbooru),rape/desikeera - 12860369 - explicit - d3c8ba8d577c95f883b246f7ee4a26b2.jpg,190420,d3c8ba8d577c95f883b246f7ee4a26b2
Garçons (Gelbooru),rape/g1 & jjw1029 - 7250407 - explicit - 985e5e28e88a8f22b2d8e1bdb7e7cf23.png,475993,985e5e28e88a8f22b2d8e1bdb7e7cf23
Garçons (Gelbooru),rape/hatomugi_gohan - 5267849 - explicit - 73b7c161a4b4a0851b9419cb3b6e16d9.jpg,200446,73b7c161a4b4a0851b9419cb3b6e16d9
Garçons (Gelbooru),rape/itsme_takk - 7940454 - explicit - 0c21e02c154ce2b58efe49d26c6f0f5d.jpg,328193,0c21e02c154ce2b58efe49d26c6f0f5d
Garçons (Gelbooru),rape/konery_(reasonyou) - 9407679 - explicit - 5970744ae3bfae0ed7dbd6a07f37e4a9.png,209310,5970744ae3bfae0ed7dbd6a07f37e4a9
Garçons (Gelbooru),rape/mondi_hl - 5706298 - explicit - 25cffa0b0d050809fcee79a45e9e12fa.jpg,154590,25cffa0b0d050809fcee79a45e9e12fa
Garçons (Gelbooru),rape/oto_hu02 - 2086046 - explicit - c5e2f7ae093d453e58d72f6e5faf765b.jpg,78474,c5e2f7ae093d453e58d72f6e5faf765b
Garçons (Gelbooru),rape/piko_(pixiv_24613) - 2694601 - explicit - eda3e5fe4b20c928a5a1e88675cf7927.jpg,86226,eda3e5fe4b20c928a5a1e88675cf7927
Garçons (Gelbooru),rape/satyros - 2847051 - explicit - 655b32e5ab5ca356923b66bb295fbf01.jpg,191195,655b32e5ab5ca356923b66bb295fbf01
Garçons (Gelbooru),rape/satyros - 3131158 - explicit - ef7fa7d3cfe0eca2d8610a8a394ec5eb.jpg,160659,ef7fa7d3cfe0eca2d8610a8a394ec5eb
Garçons (Gelbooru),rape/shuuko_(s_h_uuko) - 6710799 - explicit - 66cf46c2cf5901d58a8eebaaaafb8bcf.jpg,156963,66cf46c2cf5901d58a8eebaaaafb8bcf
Garçons (Gelbooru),rape/shuuko_(s_h_uuko) - 8812126 - explicit - 502a34d5eb8b9f38f4e7b89ab57c5943.jpg,229157,502a34d5eb8b9f38f4e7b89ab57c5943
Garçons (Gelbooru),rape/sigerufn - 3587951 - explicit - 8399b1904c9d96a5a0b0b43b68922175.jpg,141809,8399b1904c9d96a5a0b0b43b68922175
Garçons (Gelbooru),rape/ziv_zivy - 10112962 - explicit - 9794a2d8f76311f5527e7e685189589c.png,377508,9794a2d8f76311f5527e7e685189589c
Garçons (Gelbooru),restrained/aneunyeoja - 3887380 - explicit - dfbd80700c29b4d8de6c0f2a15b62e45.jpg,308601,dfbd80700c29b4d8de6c0f2a15b62e45
Garçons (Gelbooru),restrained/anonymous - 6652340 - explicit - 20e820c0f1b3dbd8606bc4c8f7adec8e.png,376528,20e820c0f1b3dbd8606bc4c8f7adec8e
Garçons (Gelbooru),restrained/aoi_chimaki - 2949717 - explicit - cbb6d2bf4df0330419c5b98915519c80.jpg,82334,cbb6d2bf4df0330419c5b98915519c80
Garçons (Gelbooru),restrained/arkapami - 3344017 - explicit - bd5b05469e3c75d1a23f3ad29bcfa837.jpg,285835,bd5b05469e3c75d1a23f3ad29bcfa837
Garçons (Gelbooru),restrained/beitemian - 4012711 - explicit - 6896e4a66b2c3c535bb0e68d61b25d9f.jpg,186355,6896e4a66b2c3c535bb0e68d61b25d9f
Garçons (Gelbooru),restrained/beitemian - 4012713 - explicit - 339a18a6a3afa945e06d0b24871eb9a0.jpg,184515,339a18a6a3afa945e06d0b24871eb9a0
Garçons (Gelbooru),restrained/beitemian - 6359812 - explicit - c653567849b13a4a8045bdd296841f3c.jpg,271475,c653567849b13a4a8045bdd296841f3c
Garçons (Gelbooru),restrained/booty_electric - 4103294 - explicit - a4cbf6c9c5a4cd2710016b23c8fa1299.png,258647,a4cbf6c9c5a4cd2710016b23c8fa1299
Garçons (Gelbooru),restrained/kal3ell0 - 5885472 - explicit - 1ea9c992afbdcab9e0e4f2208869c32e.jpg,108121,1ea9c992afbdcab9e0e4f2208869c32e
Garçons (Gelbooru),restrained/kousuke_(ko_suke) - 7920068 - explicit - 73f84882af512960f07ea1f342ac34f6.png,484462,73f84882af512960f07ea1f342ac34f6
Garçons (Gelbooru),restrained/laovaan - 5980253 - explicit - db84f243e011eac2ff8c7bfa10769f2c.jpg,210541,db84f243e011eac2ff8c7bfa10769f2c
Garçons (Gelbooru),restrained/laovaan - 5980278 - explicit - 1aadad673462194e426651144d894e2c.jpg,128258,1aadad673462194e426651144d894e2c
Garçons (Gelbooru),restrained/mubo - 7631915 - questionable - e19373c319ad8a857a648f5996f8099d.jpg,221008,e19373c319ad8a857a648f5996f8099d
Garçons (Gelbooru),restrained/nayoshi_(r-744) - 7608506 - explicit - a81831c33273762856f467d913ebaffd.jpg,143902,a81831c33273762856f467d913ebaffd
Garçons (Gelbooru),restrained/wataya - 5546872 - explicit - d8a2d02dfaaff712eaf55a592e4b6a8d.jpg,104846,d8a2d02dfaaff712eaf55a592e4b6a8d
Garçons (Gelbooru),sex_toy/anonymous - 4204673 - explicit - 96826d9d3d4b989ab600aa146e4da2eb.jpg,218183,96826d9d3d4b989ab600aa146e4da2eb
Garçons (Gelbooru),sex_toy/anonymous - 6213804 - explicit - cc6c2de37c28d3961cad6f5771fdd5b0.jpg,192333,cc6c2de37c28d3961cad6f5771fdd5b0
Garçons (Gelbooru),sex_toy/arsh_(thestarwish) - 7380626 - explicit - 8c809155c59a7d39baadbb4e4fd0a98c.jpg,152197,8c809155c59a7d39baadbb4e4fd0a98c
Garçons (Gelbooru),sex_toy/bean_tan - 10543104 - explicit - 52109c341e389e5ad31aa6d8ed520e52.jpg,305939,52109c341e389e5ad31aa6d8ed520e52
Garçons (Gelbooru),sex_toy/mother13fucker - 6533776 - explicit - a09cda17a2cb522581114318aa9dcc34.jpg,113022,a09cda17a2cb522581114318aa9dcc34
Garçons (Gelbooru),sex_toy/raczy_(lucky456852) - 8118176 - explicit - 1dcce790e8a1483e09ab554fc2d61c4c.jpg,151256,1dcce790e8a1483e09ab554fc2d61c4c
Garçons (Gelbooru),Sexual themes/Sextoys/Dildos/dildo/805 - 3797364 - explicit - 3d698631667fd5f88de46dbaa9085190.jpg,53633,3d698631667fd5f88de46dbaa9085190
Garçons (Gelbooru),Sexual themes/Sextoys/Dildos/dildo/a-a - 1617774 - explicit - 36f4241bbc4fc459edd819df9a16d05b.jpg,200690,36f4241bbc4fc459edd819df9a16d05b
Garçons (Gelbooru),Sexual themes/Sextoys/Dildos/dildo/alterkyon - 13592601 - explicit - fdcddf7f308b8fe84dfe8ed6d7c7c1d4.jpg,275246,fdcddf7f308b8fe84dfe8ed6d7c7c1d4
Garçons (Gelbooru),Sexual themes/Sextoys/Dildos/dildo/anonymous - 1193932 - explicit - 3da12e75b8b3ec44456af7451466a320.jpg,106433,3da12e75b8b3ec44456af7451466a320
Garçons (Gelbooru),Sexual themes/Sextoys/Dildos/dildo/anonymous - 1490955 - explicit - 708059b8363331212a3e10097b54f82d.jpg,42820,708059b8363331212a3e10097b54f82d
Garçons (Gelbooru),Sexual themes/Sextoys/Dildos/dildo/anonymous - 2730038 - explicit - 194c9188e6790bce94c827207275483b.jpg,178405,194c9188e6790bce94c827207275483b
Garçons (Gelbooru),Sexual themes/Sextoys/Dildos/dildo/anonymous - 3163645 - explicit - c231be6e090888e38d636989e3b9e3a4.jpg,209455,c231be6e090888e38d636989e3b9e3a4
Garçons (Gelbooru),Sexual themes/Sextoys/Dildos/dildo/anonymous - 5543303 - explicit - 5a29c8c051df3bc20c3fe8f8dddb5045.jpg,210834,5a29c8c051df3bc20c3fe8f8dddb5045
Garçons (Gelbooru),Sexual themes/Sextoys/Dildos/dildo/anonymous - 5543306 - explicit - a1a66d7ba7b2f9e8c616a99158319f93.jpg,113568,a1a66d7ba7b2f9e8c616a99158319f93
Garçons (Gelbooru),Sexual themes/Sextoys/Dildos/dildo/anonymous - 5545251 - explicit - e6287e930adc41c63ee274eaabbf4675.jpg,71449,e6287e930adc41c63ee274eaabbf4675
Garçons (Gelbooru),Sexual themes/Sextoys/Dildos/dildo/aper_sexy - 3070958 - explicit - 30769d6cfb353fa9a80c09ba3c2fa6a6.jpg,63107,30769d6cfb353fa9a80c09ba3c2fa6a6
Garçons (Gelbooru),Sexual themes/Sextoys/Dildos/dildo/beitemian - 6300264 - explicit - 7d57c0f54c60ff2881021ddb9f3aa5c8.jpg,240233,7d57c0f54c60ff2881021ddb9f3aa5c8
Garçons (Gelbooru),Sexual themes/Sextoys/Dildos/dildo/caustic_crayon - 4804161 - explicit - 4a91907a30f262ff98d3490dc75ee561.jpg,121821,4a91907a30f262ff98d3490dc75ee561
Garçons (Gelbooru),Sexual themes/Sextoys/Dildos/dildo/cloudcloudcloud - 5584733 - explicit - 0bf23d6b62e7a73f4c68b277171dfd61.jpg,94924,0bf23d6b62e7a73f4c68b277171dfd61
Garçons (Gelbooru),Sexual themes/Sextoys/Dildos/dildo/dekudash - 12781588 - explicit - 2dd2194d7446e783de165c28ea2d6d35.jpg,423984,2dd2194d7446e783de165c28ea2d6d35
Garçons (Gelbooru),Sexual themes/Sextoys/Dildos/dildo/fumi11gou - 4882023 - explicit - 68667228b688f5bf64be7429fbd6704b.png,598466,68667228b688f5bf64be7429fbd6704b
Garçons (Gelbooru),Sexual themes/Sextoys/Dildos/dildo/gojarun - 10279626 - explicit - 8eefca3bb413383287b5d9cb10eebca3.png,258194,8eefca3bb413383287b5d9cb10eebca3
Garçons (Gelbooru),Sexual themes/Sextoys/Dildos/dildo/hakusyokuto - 11570362 - sensitive - 31d7a30da3ea0500c7d794d62cd3ec70.jpg,228969,31d7a30da3ea0500c7d794d62cd3ec70
Garçons (Gelbooru),Sexual themes/Sextoys/Dildos/dildo/hamhassy - 7828500 - explicit - 688407752e2b6343a6923bfd2942bd8a.jpg,339657,688407752e2b6343a6923bfd2942bd8a
Garçons (Gelbooru),Sexual themes/Sextoys/Dildos/dildo/i_cho_(okdrsutsu) - 12711890 - explicit - 8e4523f4131e296956096c4f5245d8e2.jpg,241592,8e4523f4131e296956096c4f5245d8e2
Garçons (Gelbooru),Sexual themes/Sextoys/Dildos/dildo/ibara_nashio - 3554261 - explicit - 832cdaa023800755191d532e87372c4b.png,244120,832cdaa023800755191d532e87372c4b
Garçons (Gelbooru),Sexual themes/Sextoys/Dildos/dildo/kurohitsuji_lim - 7784872 - explicit - 4b48e1bb75c77c57fdee8c1fec328d11.jpg,231411,4b48e1bb75c77c57fdee8c1fec328d11
Garçons (Gelbooru),Sexual themes/Sextoys/Dildos/dildo/meiji_(meiji770) - 8117160 - explicit - 29bdf0f4bc5c9bcb7467c2c9806b44ea.jpg,106991,29bdf0f4bc5c9bcb7467c2c9806b44ea
Garçons (Gelbooru),Sexual themes/Sextoys/Dildos/dildo/minazuki_juuzou - 6129891 - questionable - fc4bac8946cf4bab36d1ef3fef6e4af7.jpg,124330,fc4bac8946cf4bab36d1ef3fef6e4af7
Garçons (Gelbooru),Sexual themes/Sextoys/Dildos/dildo/ming_(5unri5e666) - 8742179 - questionable - 032b26bf3e6d71912c0b23b6e9ad6542.jpg,217183,032b26bf3e6d71912c0b23b6e9ad6542
Garçons (Gelbooru),Sexual themes/Sextoys/Dildos/dildo/ming_(5unri5e666) - 8742195 - questionable - 1ec91583f9c9604030dfb7df8e76bbf3.jpg,273638,1ec91583f9c9604030dfb7df8e76bbf3
Garçons (Gelbooru),Sexual themes/Sextoys/Dildos/dildo/mo_(nmnme) - 2853729 - explicit - 245f8ce03bd164a982f69f89084ab593.jpg,65664,245f8ce03bd164a982f69f89084ab593
Garçons (Gelbooru),Sexual themes/Sextoys/Dildos/dildo/nayoshi_(r-744) - 6299158 - explicit - fa9219025e27e0a423e521f2261ebe3a.jpg,150738,fa9219025e27e0a423e521f2261ebe3a
Garçons (Gelbooru),Sexual themes/Sextoys/Dildos/dildo/ngtt - 3732239 - questionable - 1ddc596fb072e696d32324fc3b7d179f.png,209943,1ddc596fb072e696d32324fc3b7d179f
Garçons (Gelbooru),Sexual themes/Sextoys/Dildos/dildo/reddverse - 4138134 - explicit - 3372a9cbab380660e112b3d7ddd487ae.png,859296,3372a9cbab380660e112b3d7ddd487ae
Garçons (Gelbooru),Sexual themes/Sextoys/Dildos/dildo/rei_oe - 2037270 - explicit - 7ae15c7f3e654922d00404937057693c.jpg,90829,7ae15c7f3e654922d00404937057693c
Garçons (Gelbooru),Sexual themes/Sextoys/Dildos/dildo/riki0928 - 12647010 - explicit - 843a0f81f4012a4e9a2002198da795ea.jpg,135661,843a0f81f4012a4e9a2002198da795ea
Garçons (Gelbooru),Sexual themes/Sextoys/Dildos/dildo/samsara_(shuukeura) - 5927255 - explicit - 296533190c9ce1795cd533182a13d9a9.jpg,282149,296533190c9ce1795cd533182a13d9a9
Garçons (Gelbooru),Sexual themes/Sextoys/Dildos/dildo/teika_re - 9662450 - explicit - fafb02aa242cd6e36ed765abb9ee0b16.jpg,255107,fafb02aa242cd6e36ed765abb9ee0b16
Garçons (Gelbooru),Sexual themes/Sextoys/Dildos/dildo/xiao_baitian - 10413072 - explicit - 52a3505e04ba49bccceae3aed73fd0c4.jpg,319406,52a3505e04ba49bccceae3aed73fd0c4
Garçons (Gelbooru),Sexual themes/Sextoys/Dildos/dildo_harness/gins - 9523275 - explicit - c1594576a1a3ba80393cc8c57665fa95.jpg,300694,c1594576a1a3ba80393cc8c57665fa95
Garçons (Gelbooru),Sexual themes/Sextoys/Gags/ball_gag/fugtrup - 9000220 - explicit - c3ee6730de3ba3a4c831be28da474db0.jpg,196868,c3ee6730de3ba3a4c831be28da474db0
Garçons (Gelbooru),Sexual themes/Sextoys/Gags/ball_gag/redkeji - 10016419 - explicit - f511ef92772babd68dd16102bbae28f0.jpg,172831,f511ef92772babd68dd16102bbae28f0
Garçons (Gelbooru),Sexual themes/Sextoys/Gags/bit_gag/anonymous - 2730687 - explicit - c24378df44888a584cfafb517df96353.jpg,103061,c24378df44888a584cfafb517df96353
Garçons (Gelbooru),Sexual themes/Sextoys/Gags/bit_gag/anonymous - 8707512 - sensitive - c89b4024c77d08b11239f90ed86c2377.jpg,293683,c89b4024c77d08b11239f90ed86c2377
Garçons (Gelbooru),Sexual themes/Sextoys/Gags/bit_gag/eilinna - 11431165 - questionable - 1a79a6bf4b472f472621b4c677521d14.jpg,78642,1a79a6bf4b472f472621b4c677521d14
Garçons (Gelbooru),Sexual themes/Sextoys/Gags/bit_gag/konbu_wakame - 4813207 - questionable - 6795343d353e3b4413949cf3dd2d8a28.jpg,202317,6795343d353e3b4413949cf3dd2d8a28
Garçons (Gelbooru),Sexual themes/Sextoys/Gags/bit_gag/konbu_wakame - 4813745 - questionable - 2590f497f1542ab6fc13847c2a35ee24.jpg,180614,2590f497f1542ab6fc13847c2a35ee24
Garçons (Gelbooru),Sexual themes/Sextoys/Gags/bit_gag/ridinrapids - 11254348 - explicit - 88e3c1568881208d637d1f4036971b1c.jpg,336381,88e3c1568881208d637d1f4036971b1c
Garçons (Gelbooru),Sexual themes/Sextoys/sex_toy/syrop_(syr_ooo_p) - 14540913 - explicit - 9e508ff63e11a71e3f07dd5430dc4c95.jpg,104121,9e508ff63e11a71e3f07dd5430dc4c95
Garçons (Gelbooru),Sexual themes/Sextoys/Vibrators/hitachi_magic_wand/nightmare_express - 2542383 - explicit - abd860e70ce018370c3c8e3459ff8901.jpg,261918,abd860e70ce018370c3c8e3459ff8901
Garçons (Gelbooru),Sexual themes/Sextoys/Vibrators/hitachi_magic_wand/yoruhachi - 8024690 - questionable - b220ae26881352cecda98497f45bc864.jpg,232109,b220ae26881352cecda98497f45bc864
Garçons (Gelbooru),Sexual themes/Sextoys/Vibrators/hitachi_magic_wand/yoruhachi - 8073882 - questionable - 153c8fcd4193647fdcb6e97649b3f5ab.jpg,178372,153c8fcd4193647fdcb6e97649b3f5ab
Garçons (Gelbooru),Sexual themes/Sextoys/Vibrators/vibrator/anonymous - 6419351 - explicit - 55e93990acad02d7bccb3b9b3907a47d.jpg,186672,55e93990acad02d7bccb3b9b3907a47d
Garçons (Gelbooru),Sexual themes/Sextoys/Vibrators/vibrator/frogzone_art - 10800967 - explicit - a38fc5e20e504f5ec3478f75367f2edc.png,731501,a38fc5e20e504f5ec3478f75367f2edc
Garçons (Gelbooru),Sexual themes/Sextoys/Vibrators/vibrator/kana_(kana_mtftg) - 6627323 - explicit - daa98669412d9b9bd976443ced81910d.jpg,246765,daa98669412d9b9bd976443ced81910d
Garçons (Gelbooru),Sexual themes/Sextoys/Vibrators/vibrator_under_clothes/anonymous - 11761435 - questionable - a44ddd1b4cb341a995feba0b320947e3.jpg,173058,a44ddd1b4cb341a995feba0b320947e3
Garçons (Gelbooru),Sexual themes/Sextoys/Vibrators/vibrator_under_clothes/kotoba_(610430468) - 7225641 - questionable - 8f1bc632229363477db753a6179e2baa.png,1455890,8f1bc632229363477db753a6179e2baa
Garçons (Gelbooru),shackles/jinkei - 11578307 - sensitive - 9bb780041a6b13a81601150d1a6ca493.jpg,137722,9bb780041a6b13a81601150d1a6ca493
Garçons (Gelbooru),shackles/jinkei - 11690464 - sensitive - bf34e8a5ff93fe08546589865fb4f194.jpg,158152,bf34e8a5ff93fe08546589865fb4f194
Garçons (Gelbooru),shibari/anonymous - 5500034 - sensitive - 0e5d4a8b8ad46033eb12fb18b23484c6.jpg,53374,0e5d4a8b8ad46033eb12fb18b23484c6
Garçons (Gelbooru),shibari/ibashi_roni - 3266580 - questionable - 22b5488d013feeafb19178af9e8adb63.png,108615,22b5488d013feeafb19178af9e8adb63
Garçons (Gelbooru),shibari/mimme_(haenakk7) - 5145038 - questionable - c0fc1b37f45486b8c8bbb4b9fab63f7e.jpg,292696,c0fc1b37f45486b8c8bbb4b9fab63f7e
Garçons (Gelbooru),shibari/yah_yah_6 - 6103806 - explicit - fdd6106f258a727386ec2f1669ebd83c.png,393327,fdd6106f258a727386ec2f1669ebd83c
Garçons (Gelbooru),skateboard/666666ttr - 6842193 - sensitive - c52cdb5fad19d08a96869fd96787e17c.jpg,473369,c52cdb5fad19d08a96869fd96787e17c
Garçons (Gelbooru),skateboard/anonymous - 5926736 - sensitive - 4a1adef46171454cfe13ef84a6e3c4fc.png,884322,4a1adef46171454cfe13ef84a6e3c4fc
Garçons (Gelbooru),skateboard/anonymous - 5926748 - sensitive - c0b9386df8d55ff83a6376c0a068506d.png,830451,c0b9386df8d55ff83a6376c0a068506d
Garçons (Gelbooru),skateboard/hari611 - 6182900 - sensitive - 068678b711c053e67d33e4af53b5fdd5.png,1466371,068678b711c053e67d33e4af53b5fdd5
Garçons (Gelbooru),skateboard/hirota_tsuu - 3985872 - sensitive - 7ae9465cc75bb74a0053d486b2eb8a8b.png,109412,7ae9465cc75bb74a0053d486b2eb8a8b
Garçons (Gelbooru),skateboard/koromo06418109 - 13758594 - general - 42b39ce6aa9864ffe50340d5fbf40c3e.jpg,344158,42b39ce6aa9864ffe50340d5fbf40c3e
Garçons (Gelbooru),skateboard/ritao_kamo - 6204349 - sensitive - cbecaf0d209dbecc4acd02c61b2d0259.jpg,311638,cbecaf0d209dbecc4acd02c61b2d0259
Garçons (Gelbooru),slave/enarane - 4187547 - explicit - 1f4cf82393f1f6ad776b998c31829543.jpg,101026,1f4cf82393f1f6ad776b998c31829543
Garçons (Gelbooru),slave/juhi-huji - 6868888 - explicit - c164ac3737d69e731d4974bcaf6c3873.jpg,151481,c164ac3737d69e731d4974bcaf6c3873
Garçons (Gelbooru),slave/toxxy - 3290171 - explicit - 913efb695bc3881438c21de64da9b1c7.png,315824,913efb695bc3881438c21de64da9b1c7
Garçons (Gelbooru),smartphone/anonymous - 14335466 - sensitive - 964665a1ab3e2b5c22e5e24aa0ce006d.jpg,198588,964665a1ab3e2b5c22e5e24aa0ce006d
Garçons (Gelbooru),smartphone/as4_s2 - 11377029 - sensitive - 88ba1b2a7d8139440189c3029e55e205.jpg,262411,88ba1b2a7d8139440189c3029e55e205
Garçons (Gelbooru),smartphone/uthy - 5234558 - questionable - d6a08c7db73313cb5959f4376904699e.png,358394,d6a08c7db73313cb5959f4376904699e
Garçons (Gelbooru),smartphone/yuii_03 - 14412389 - sensitive - cfc415ad5720bb3fabeadaddddeee63e.jpg,155006,cfc415ad5720bb3fabeadaddddeee63e
Garçons (Gelbooru),smoking/anonymous - 6804095 - sensitive - f08c462f93623c212a3874650cb11edb.jpg,134934,f08c462f93623c212a3874650cb11edb
Garçons (Gelbooru),smoking/greatpengh - 4561918 - sensitive - 807b097ffe31df99cb00d51d0e35b47c.jpg,197851,807b097ffe31df99cb00d51d0e35b47c
Garçons (Gelbooru),smoking/towada-san_(thank39) - 6288860 - sensitive - 193441c6111d4f93f9927cbeb4df7b8a.jpg,188593,193441c6111d4f93f9927cbeb4df7b8a
Garçons (Gelbooru),soldier/omi_(tomatopu-n) - 3620993 - sensitive - 705346b97f9442f9115b12a5b7c2ae1e.jpg,383289,705346b97f9442f9115b12a5b7c2ae1e
Garçons (Gelbooru),spanking/ocza - 10747788 - questionable - b48cc33d5e05fc68802027eab5ad3459.png,286610,b48cc33d5e05fc68802027eab5ad3459
Garçons (Gelbooru),squatting/2n5 - 3203201 - explicit - 0c704e1b38216def5613855a9fc5a76b.jpg,37878,0c704e1b38216def5613855a9fc5a76b
Garçons (Gelbooru),squatting/c_take0141 - 7281685 - explicit - d01613ee14e804d27967d42e8a836ca2.jpg,162504,d01613ee14e804d27967d42e8a836ca2
Garçons (Gelbooru),squatting/menokonome - 6837425 - explicit - bcca08256675e90ab5e1ecd1da18835e.jpg,69206,bcca08256675e90ab5e1ecd1da18835e
Garçons (Gelbooru),squatting/treslech3s - 12327469 - explicit - cf35d10aeab8c408ef114509a48c326f.jpg,185975,cf35d10aeab8c408ef114509a48c326f
Garçons (Gelbooru),stripper_pole/hej_(pixiv13035031) - 5707229 - questionable - ac9079a804859d07bee0834ea72c651b.png,660415,ac9079a804859d07bee0834ea72c651b
Garçons (Gelbooru),stripper_pole/ittla - 4372598 - questionable - 7debd8d3c12cc4675bd1438bcdbdea03.png,498276,7debd8d3c12cc4675bd1438bcdbdea03
Garçons (Gelbooru),stripper_pole/parkgee - 4339987 - sensitive - e347a4b7fa84649a9f9a9ac0e68d2f3c.jpg,143696,e347a4b7fa84649a9f9a9ac0e68d2f3c
Garçons (Gelbooru),Styles vestimentaires/baseball_cap/anonymous - 14491690 - general - 56fd37680e07687db54e1dea6115c79b.jpg,331767,56fd37680e07687db54e1dea6115c79b
Garçons (Gelbooru),Styles vestimentaires/bodysuit/yu_(geda4335) - 13674969 - sensitive - 5dd5a6d70c6ab27f444e8172d59ab103.jpg,134685,5dd5a6d70c6ab27f444e8172d59ab103
Garçons (Gelbooru),Styles vestimentaires/choker/anonymous - 13905326 - general - e9256963066fbee3c52969c31c654e1c.jpg,319284,e9256963066fbee3c52969c31c654e1c
Garçons (Gelbooru),Styles vestimentaires/choker/c_take0141 - 9220715 - explicit - 31e0fdaca6f16609a7b836b7cbfc2c59.jpg,186698,31e0fdaca6f16609a7b836b7cbfc2c59
Garçons (Gelbooru),Styles vestimentaires/choker/konbu_wakame - 4813206 - questionable - 59474d62250c779dc16907e512e6ef96.jpg,126544,59474d62250c779dc16907e512e6ef96
Garçons (Gelbooru),Styles vestimentaires/collar choker/st_(youx1119) - 5031089 - sensitive - 17fce8677f46128b22a82ba4a7fde7fe.jpg,196619,17fce8677f46128b22a82ba4a7fde7fe
Garçons (Gelbooru),Styles vestimentaires/collar choker/st_(youx1119) - 5575339 - sensitive - 7a27247cbc97e3677bcec8ba7b91f487.jpg,98858,7a27247cbc97e3677bcec8ba7b91f487
Garçons (Gelbooru),Styles vestimentaires/collar/amido_(compassion273) - 8695477 - questionable - 1bf28860e4f210a30227cc7a6cc98098.jpg,160178,1bf28860e4f210a30227cc7a6cc98098
Garçons (Gelbooru),Styles vestimentaires/collar/anonymous - 10087039 - sensitive - c947dafee05cc0c1970b5a31bfd692a0.png,1226483,c947dafee05cc0c1970b5a31bfd692a0
Garçons (Gelbooru),Styles vestimentaires/collar/anonymous - 5448747 - sensitive - fe9888fe199b92cd3d407791e447d97b.png,868777,fe9888fe199b92cd3d407791e447d97b
Garçons (Gelbooru),Styles vestimentaires/collar/anonymous - 7101136 - sensitive - a94ec644134e2f1e55a4516b502bfa67.jpg,106763,a94ec644134e2f1e55a4516b502bfa67
Garçons (Gelbooru),Styles vestimentaires/collar/dancho_(dancyo) - 11184706 - general - 81daca19f0a661295c61dbf92e26031c.jpg,212242,81daca19f0a661295c61dbf92e26031c
Garçons (Gelbooru),Styles vestimentaires/collar/dancho_(dancyo) - 12852036 - sensitive - 41354d3832b256a753ebb6f885fb65c5.jpg,206571,41354d3832b256a753ebb6f885fb65c5
Garçons (Gelbooru),Styles vestimentaires/collar/ddal - 4299313 - sensitive - 06f8c89a37b8c4f107424eb7b4a4f3a6.jpg,184186,06f8c89a37b8c4f107424eb7b4a4f3a6
Garçons (Gelbooru),Styles vestimentaires/collar/ha_ze - 6937427 - explicit - 173030dd99c39fadd745d54bc79677e9.jpg,336273,173030dd99c39fadd745d54bc79677e9
Garçons (Gelbooru),Styles vestimentaires/collar/hakusyokuto - 11119970 - questionable - e7c1e68cc87e19d371c3914c67650943.png,953605,e7c1e68cc87e19d371c3914c67650943
Garçons (Gelbooru),Styles vestimentaires/collar/leftporygon - 6797589 - sensitive - 66e44b82a3eb040492303600411de463.jpg,170069,66e44b82a3eb040492303600411de463
Garçons (Gelbooru),Styles vestimentaires/collar/ohisashiburi - 4054577 - sensitive - d7b284607377e588ce547c1ae386ff75.jpg,210785,d7b284607377e588ce547c1ae386ff75
Garçons (Gelbooru),Styles vestimentaires/collar/ojisan_nyan - 7767411 - questionable - 504e7f12a205acb20f74487293095ecc.jpg,79851,504e7f12a205acb20f74487293095ecc
Garçons (Gelbooru),Styles vestimentaires/collar/papercider - 13328408 - questionable - 6d38ec16b4f574a92a110149c4bb47b0.jpg,188233,6d38ec16b4f574a92a110149c4bb47b0
Garçons (Gelbooru),Styles vestimentaires/collar/potti-p - 6371073 - sensitive - 09b48bfbab2060b9c3fa01a73b79ae2e.jpg,107329,09b48bfbab2060b9c3fa01a73b79ae2e
Garçons (Gelbooru),Styles vestimentaires/collar/uroboros_(dhmv3484) - 7723282 - questionable - 7d39f40aac83521b4c4ae8dc224ac70f.jpg,245587,7d39f40aac83521b4c4ae8dc224ac70f
Garçons (Gelbooru),Styles vestimentaires/collar/yamigirikuroko - 4897019 - general - 12babf0a93c82bec36d85daae4e64786.jpg,177721,12babf0a93c82bec36d85daae4e64786
Garçons (Gelbooru),Styles vestimentaires/goth_/aam09212 - 7476363 - general - a6330b27532f6d17139c381e3bc9f74a.png,1157699,a6330b27532f6d17139c381e3bc9f74a
Garçons (Gelbooru),Styles vestimentaires/goth_/doran_(doran7280) - 7004955 - sensitive - 89a008bcaf07f40d699b2292f88add27.jpg,138796,89a008bcaf07f40d699b2292f88add27
Garçons (Gelbooru),Styles vestimentaires/goth_/hz_(666v) - 6274898 - sensitive - 98b6ce7b27a4b0bd32af6a17889e80f2.jpg,170342,98b6ce7b27a4b0bd32af6a17889e80f2
Garçons (Gelbooru),Styles vestimentaires/goth_/st_(youx1119) - 5031091 - sensitive - e22db90ffa3b6c7d4db4eefceaa97846.jpg,138728,e22db90ffa3b6c7d4db4eefceaa97846
Garçons (Gelbooru),Styles vestimentaires/high_heels skin_tight/tawapo - 9122595 - questionable - 0a4af3495486b3116c2513b68cd01f47.jpg,166818,0a4af3495486b3116c2513b68cd01f47
Garçons (Gelbooru),Styles vestimentaires/hooded_jacket/konery_(reasonyou) - 13617447 - explicit - 462dac0b6a3920dcd89f2aacdd8dfa0b.png,195160,462dac0b6a3920dcd89f2aacdd8dfa0b
Garçons (Gelbooru),Styles vestimentaires/hooded_jacket/mochi_noue - 6651253 - sensitive - b94a9b438083aa36956370db782bfe1f.jpg,83174,b94a9b438083aa36956370db782bfe1f
Garçons (Gelbooru),Styles vestimentaires/hooded_jacket/offtoon12 - 6432957 - sensitive - e549a6967e7e1b4953edf4b3becd08ea.jpg,82427,e549a6967e7e1b4953edf4b3becd08ea
Garçons (Gelbooru),Styles vestimentaires/jewelry/anonymous - 13761497 - sensitive - bc4a67c52f3276d71acd59275773923c.jpg,444532,bc4a67c52f3276d71acd59275773923c
Garçons (Gelbooru),Styles vestimentaires/labcoat/anonymous - 5701651 - sensitive - b570da55ce3e7faebfaab746c251948e.jpg,144891,b570da55ce3e7faebfaab746c251948e
Garçons (Gelbooru),Styles vestimentaires/labcoat/nikame - 3828311 - sensitive - 66fb7cd9010873ed1df28aca58109f51.png,226722,66fb7cd9010873ed1df28aca58109f51
Garçons (Gelbooru),Styles vestimentaires/labcoat/tanakalma - 7366526 - general - 8b27595e17a807e672f11ae1cd5e55bb.jpg,152463,8b27595e17a807e672f11ae1cd5e55bb
Garçons (Gelbooru),Styles vestimentaires/lingerie/anonymous - 3163644 - explicit - a7151da7a7be0639285a961f6c44ab33.jpg,188298,a7151da7a7be0639285a961f6c44ab33
Garçons (Gelbooru),Styles vestimentaires/lingerie/inaho178 - 2705457 - questionable - fccf08ad1a663fa9b8f776b245342963.jpg,40971,fccf08ad1a663fa9b8f776b245342963
Garçons (Gelbooru),Styles vestimentaires/lingerie/s_w_b0b - 6055346 - explicit - 323a4fc0112710567be71cd787c4c432.jpg,147316,323a4fc0112710567be71cd787c4c432
Garçons (Gelbooru),Styles vestimentaires/mask/doro_(sabarudoro) - 6238119 - sensitive - 2f216f4ff8bd7b73c289e7896f8e7996.png,229785,2f216f4ff8bd7b73c289e7896f8e7996
Garçons (Gelbooru),Styles vestimentaires/mask/fukuda935 & reality_arc_(sinoalice) - 6073449 - sensitive - a47198174ca3c17c6a73e5c3ef1b0bcf.png,65440,a47198174ca3c17c6a73e5c3ef1b0bcf
Garçons (Gelbooru),Styles vestimentaires/mask/reality_arc_(sinoalice) - 6340836 - sensitive - aede3748702008fe5422a01efa09b055.jpg,133452,aede3748702008fe5422a01efa09b055
Garçons (Gelbooru),Styles vestimentaires/mask/sunaba_(nczd5875) - 6240246 - sensitive - c9e11770bd6d032d6db8cc132588d9d0.jpg,62156,c9e11770bd6d032d6db8cc132588d9d0
Garçons (Gelbooru),Styles vestimentaires/mask/teroru - 6126974 - sensitive - 4eaa54d8e916b99c5eb2527e9a8c5a6f.png,154932,4eaa54d8e916b99c5eb2527e9a8c5a6f
Garçons (Gelbooru),Styles vestimentaires/mask/towada-san_(thank39) - 6288856 - sensitive - 42fe851129d27ac83b87e7992d275399.jpg,233212,42fe851129d27ac83b87e7992d275399
Garçons (Gelbooru),Styles vestimentaires/Panties/boxers/rokuta600 - 7146637 - sensitive - 4ee4276d62a8c40abe7fa7a12e9c7061.jpg,664047,4ee4276d62a8c40abe7fa7a12e9c7061
Garçons (Gelbooru),Styles vestimentaires/Panties/choker panties/ohisashiburi - 4274689 - sensitive - 0f8ab3d053e6a817f756641622f60a7a.png,244249,0f8ab3d053e6a817f756641622f60a7a
Garçons (Gelbooru),Styles vestimentaires/Panties/panties highleg_panties skirt/tsukuru_(seki_sabato) - 2078253 - sensitive - 856600150612eb2018f1882367f28b76.jpg,136021,856600150612eb2018f1882367f28b76
Garçons (Gelbooru),Styles vestimentaires/Panties/side-tie_panties/tanishi_(tani4) - 5885952 - explicit - 5f2998c125d35045fde0166d7ca02c44.jpg,150779,5f2998c125d35045fde0166d7ca02c44
Garçons (Gelbooru),Styles vestimentaires/Panties/st_(youx1119) - 6280577 - sensitive - 06fe963039d4d01fe5b0919d48112c8c.jpg,131510,06fe963039d4d01fe5b0919d48112c8c
Garçons (Gelbooru),Styles vestimentaires/pants black_pants/anonymous - 13339888 - explicit - b83a35d3f8a1cdca66782fa474af8da7.jpg,117643,b83a35d3f8a1cdca66782fa474af8da7
Garçons (Gelbooru),Styles vestimentaires/pants black_pants/anonymous - 6884901 - sensitive - 6789a8565e63569c951ac16ef7f31b71.jpg,213476,6789a8565e63569c951ac16ef7f31b71
Garçons (Gelbooru),Styles vestimentaires/pants black_pants/bom-r - 13228953 - sensitive - b467184e102441b0a1db6f505fe7efb2.jpg,151643,b467184e102441b0a1db6f505fe7efb2
Garçons (Gelbooru),Styles vestimentaires/pants black_pants/haze_(ha_ze) - 8193033 - explicit - 0e6a748835f66802bc9da73dd3448164.jpg,281314,0e6a748835f66802bc9da73dd3448164
Garçons (Gelbooru),Styles vestimentaires/pants black_pants/jujeop - 10606669 - sensitive - ceef262e0f3c47ef57451958c0785bed.jpg,144497,ceef262e0f3c47ef57451958c0785bed
Garçons (Gelbooru),Styles vestimentaires/pants black_pants/jun_(navigavi) - 7698632 - general - 27cbc3160e0b9c21aa3cf5413bae9125.jpg,282714,27cbc3160e0b9c21aa3cf5413bae9125
Garçons (Gelbooru),Styles vestimentaires/pants black_pants/naruse_(naru_224s) - 5728553 - sensitive - 0d569ff5598aee3bfb622129f3eaa291.jpg,69075,0d569ff5598aee3bfb622129f3eaa291
Garçons (Gelbooru),Styles vestimentaires/pants black_pants/naruse_(naru_224s) - 5728556 - sensitive - 16a016e68de1e18bb0df61066d50270a.jpg,68417,16a016e68de1e18bb0df61066d50270a
Garçons (Gelbooru),Styles vestimentaires/pants black_pants/scottie_(phantom2) - 5306052 - sensitive - f1ca1840c966bdbe5b61c5f0683ac592.jpg,223960,f1ca1840c966bdbe5b61c5f0683ac592
Garçons (Gelbooru),Styles vestimentaires/pants/izumi_(nagashi) - 1175568 - sensitive - e3e2d1a172f48fd16be018f14748dc9f.jpg,81875,e3e2d1a172f48fd16be018f14748dc9f
Garçons (Gelbooru),Styles vestimentaires/pants/izumi_(nagashi) - 1359140 - sensitive - e8aa17b48cbfd32146c9be7bbb22df53.jpg,57707,e8aa17b48cbfd32146c9be7bbb22df53
Garçons (Gelbooru),Styles vestimentaires/pants/mochi_noue - 6651256 - sensitive - 5d83923bfb22d2d2e449d5ad4e8486e6.jpg,85234,5d83923bfb22d2d2e449d5ad4e8486e6
Garçons (Gelbooru),Styles vestimentaires/pants/offtoon12 - 6429800 - sensitive - 7b4894c5a00d051f82e82fa54db211de.jpg,66312,7b4894c5a00d051f82e82fa54db211de
Garçons (Gelbooru),Styles vestimentaires/pants/tonta_(tonta1231) - 6519943 - sensitive - 7e1b94ffe75949c6b87a57f24e1df4e1.jpg,314127,7e1b94ffe75949c6b87a57f24e1df4e1
Garçons (Gelbooru),Styles vestimentaires/pants/tuze111 - 5967673 - sensitive - a58c202c7430b0c5a885c0f345930f15.jpg,130925,a58c202c7430b0c5a885c0f345930f15
Garçons (Gelbooru),Styles vestimentaires/pants/tuze111 - 5967678 - sensitive - 2a5aeb7421d655ab4becbe546de16fd4.png,541808,2a5aeb7421d655ab4becbe546de16fd4
Garçons (Gelbooru),Styles vestimentaires/pants/xelgot - 6238090 - sensitive - 87a89f327c523ef54c454871bb2deeec.jpg,112919,87a89f327c523ef54c454871bb2deeec
Garçons (Gelbooru),Styles vestimentaires/school_uniform/anonymous - 6606742 - questionable - 4f87378d7acb96fa0201ee2120c8d664.jpg,207101,4f87378d7acb96fa0201ee2120c8d664
Garçons (Gelbooru),Styles vestimentaires/school_uniform/as4_s2 - 11376960 - general - fdedd79daf59f42c0fa0396e3b399a74.jpg,363359,fdedd79daf59f42c0fa0396e3b399a74
Garçons (Gelbooru),Styles vestimentaires/school_uniform/as4_s2 - 12375480 - general - a8be9d053cdbe032b2206a682c83f6d8.jpg,300147,a8be9d053cdbe032b2206a682c83f6d8
Garçons (Gelbooru),Styles vestimentaires/school_uniform/asada_hachi - 5906030 - questionable - 282f64cb507ee26e7b07b2153c4c4773.jpg,41759,282f64cb507ee26e7b07b2153c4c4773
Garçons (Gelbooru),Styles vestimentaires/school_uniform/izumi_(nagashi) - 1142341 - sensitive - fa75cac28be21cbf416b60f936b4828d.jpg,39400,fa75cac28be21cbf416b60f936b4828d
Garçons (Gelbooru),Styles vestimentaires/school_uniform/izumi_(nagashi) - 1394130 - sensitive - 506c374cfc95e784a8bc4da9032c8f50.jpg,71716,506c374cfc95e784a8bc4da9032c8f50
Garçons (Gelbooru),Styles vestimentaires/shorts/shorts bike_shorts/izumi_(nagashi) - 964105 - sensitive - c4d463ac4fc4d58f7c42a5b03bf84aec.jpg,58834,c4d463ac4fc4d58f7c42a5b03bf84aec
Garçons (Gelbooru),Styles vestimentaires/shorts/shorts short_shorts/puddingtiger - 12225284 - sensitive - 1ee7aa3467b01869829c78eee92a6065.jpg,276734,1ee7aa3467b01869829c78eee92a6065
Garçons (Gelbooru),Styles vestimentaires/shorts/urielbeaupre15 - 7637729 - sensitive - c21be79e9be66e0ae0f4844dcbbade99.jpg,279409,c21be79e9be66e0ae0f4844dcbbade99
Garçons (Gelbooru),Styles vestimentaires/shorts/waka_(wk4444) - 6893606 - sensitive - e7c8edd616348034e34683d144c09205.jpg,64812,e7c8edd616348034e34683d144c09205
Garçons (Gelbooru),Styles vestimentaires/skin_tight/debbie_(debbielu9972) - 14487461 - sensitive - 3de9222cf256561e288d033ec7261d26.jpg,218580,3de9222cf256561e288d033ec7261d26
Garçons (Gelbooru),Styles vestimentaires/Skirts/choker skirt/ohisashiburi - 4966111 - sensitive - e3bc30af3ea709140003a6b8a24b2ceb.png,756217,e3bc30af3ea709140003a6b8a24b2ceb
Garçons (Gelbooru),Styles vestimentaires/Skirts/microskirt/baretto_(karasi07) - 5437987 - sensitive - ee042cd52e021ae700d8c9e9ed5e20fc.jpg,250455,ee042cd52e021ae700d8c9e9ed5e20fc
Garçons (Gelbooru),Styles vestimentaires/Skirts/microskirt/baretto_(karasi07) - 5542119 - sensitive - 58787be050f900fc6ce03e9bede5a830.jpg,193953,58787be050f900fc6ce03e9bede5a830
Garçons (Gelbooru),Styles vestimentaires/Skirts/microskirt/baretto_(karasi07) - 7372279 - explicit - f12323f9a349e1ec6f89dab70cf4e350.jpg,206028,f12323f9a349e1ec6f89dab70cf4e350
Garçons (Gelbooru),Styles vestimentaires/Skirts/skirt high-waist_skirt/ohisashiburi - 4191756 - sensitive - 48dd33b077b370c3073bd3ab5754b797.jpg,77238,48dd33b077b370c3073bd3ab5754b797
Garçons (Gelbooru),Styles vestimentaires/Skirts/skirt miniskirt/turisasu - 8660105 - general - 66556cbea81bd06d69b8732d34d45039.jpg,286902,66556cbea81bd06d69b8732d34d45039
Garçons (Gelbooru),Styles vestimentaires/Skirts/skirt miniskirt/xx_9_9_xx - 13728823 - questionable - f49885e64e7d26f67125a628a09337ea.png,984584,f49885e64e7d26f67125a628a09337ea
Garçons (Gelbooru),Styles vestimentaires/sportwear/kohanayuki - 5030005 - sensitive - 1e4991e7cefdab5f79f9c8fc5f0f49e5.jpg,78390,1e4991e7cefdab5f79f9c8fc5f0f49e5
Garçons (Gelbooru),Styles vestimentaires/suit/aconitea - 4086861 - sensitive - f9ca3c85362212573d8be0bae8824fb3.jpg,100327,f9ca3c85362212573d8be0bae8824fb3
Garçons (Gelbooru),Styles vestimentaires/suit/katoroku - 3430021 - sensitive - 3a623cb50c795b1497d75202acabe78f.jpg,164542,3a623cb50c795b1497d75202acabe78f
Garçons (Gelbooru),Styles vestimentaires/suit/luse_maonang - 5509669 - sensitive - caa9fd0de2c454e0af1cf56a9d1573be.jpg,111593,caa9fd0de2c454e0af1cf56a9d1573be
Garçons (Gelbooru),Styles vestimentaires/suit/ohisashiburi - 5733659 - sensitive - 207b97a7728b6ba395ed823b32f09598.jpg,124670,207b97a7728b6ba395ed823b32f09598
Garçons (Gelbooru),Styles vestimentaires/suit/pienahenggou - 7203493 - sensitive - baa1ae1ea70cdb04f2200e3b05f1d398.jpg,201394,baa1ae1ea70cdb04f2200e3b05f1d398
Garçons (Gelbooru),Styles vestimentaires/Swimsuits/bikini/bean_tan - 10547916 - explicit - 375f43d0f2e23faa3a1d8d9b9842ce4e.jpg,255892,375f43d0f2e23faa3a1d8d9b9842ce4e
Garçons (Gelbooru),Styles vestimentaires/Swimsuits/bikini/master_maichin - 5609826 - explicit - 1e2b5283b26d9579a4d44543e4a893d9.jpg,159783,1e2b5283b26d9579a4d44543e4a893d9
Garçons (Gelbooru),Styles vestimentaires/Swimsuits/bikini/micro_bikini/onatsu_(1m2k2n1) - 7571140 - explicit - 3e65ba88ac7369617b47162ef821ca83.png,684758,3e65ba88ac7369617b47162ef821ca83
Garçons (Gelbooru),tattoo/5_(femfamme) - 5705846 - questionable - a794ab9ee999cfb1d37f97fbe0c2ecaf.jpg,155513,a794ab9ee999cfb1d37f97fbe0c2ecaf
Garçons (Gelbooru),tattoo/anonymous - 11513133 - explicit - c45c61f1c631b80bc8d7b2b650145641.jpg,177484,c45c61f1c631b80bc8d7b2b650145641
Garçons (Gelbooru),tattoo/beitemian - 9870699 - explicit - 159f4efbb5c4a6cae4c1823767c1e7f5.jpg,315293,159f4efbb5c4a6cae4c1823767c1e7f5
Garçons (Gelbooru),tattoo/gujira - 2098845 - sensitive - 6a84009958808531777ca86228d8de59.jpg,126613,6a84009958808531777ca86228d8de59
Garçons (Gelbooru),tattoo/kokekokeimo - 10671071 - explicit - f5e1e3d2604519a53350835a6adc1f94.jpg,76196,f5e1e3d2604519a53350835a6adc1f94
Garçons (Gelbooru),tattoo/qtori - 8536335 - sensitive - d890797f2e04c2518fe2f6d3b3df5308.jpg,102316,d890797f2e04c2518fe2f6d3b3df5308
Garçons (Gelbooru),tattoo/runa_(nori31291404) - 6710012 - sensitive - e00f8d62bc1d2f1908dda61f54479cff.jpg,154264,e00f8d62bc1d2f1908dda61f54479cff
Garçons (Gelbooru),tattoo/seitarou - 5855693 - questionable - 5150889acdc1e4aaa14d6ce7fd55c38e.jpg,175206,5150889acdc1e4aaa14d6ce7fd55c38e
Garçons (Gelbooru),teacher/anonymous - 3255929 - explicit - 353d6c65cd8eac26e27381f641a625ea.jpg,69147,353d6c65cd8eac26e27381f641a625ea
Garçons (Gelbooru),trap/0_0c0ff - 7338857 - general - 9fed177a4599ae9acba6bc6ba6423c1a.jpg,86045,9fed177a4599ae9acba6bc6ba6423c1a
Garçons (Gelbooru),trap/2n5 - 11358784 - explicit - 95e740f96ade59a176f0afe33b25f37a.png,531361,95e740f96ade59a176f0afe33b25f37a
Garçons (Gelbooru),trap/7cs_(congchuabuoito) - 7675598 - sensitive - 69778c01aa2c10ba273fa447ffd4d0e9.png,283626,69778c01aa2c10ba273fa447ffd4d0e9
Garçons (Gelbooru),trap/agawa_ryou - 4998978 - sensitive - 3e20256f16b5ebcc467e387c08328eb8.jpg,32624,3e20256f16b5ebcc467e387c08328eb8
Garçons (Gelbooru),trap/akagi_kurage - 5172619 - sensitive - e9c5cfd4d3e1c46d1da6c5d1072b2fa6.jpg,146959,e9c5cfd4d3e1c46d1da6c5d1072b2fa6
Garçons (Gelbooru),trap/aki_(doku) - 6332112 - sensitive - 74e2639e354fda077e1abd8a8c977403.png,539522,74e2639e354fda077e1abd8a8c977403
Garçons (Gelbooru),trap/ameya - 8104387 - sensitive - 67689d12735ae3d43d5da223e005643c.jpg,166749,67689d12735ae3d43d5da223e005643c
Garçons (Gelbooru),trap/an_choby - 10082729 - questionable - 977117ae69296a54c466f73080b2ca50.jpg,126549,977117ae69296a54c466f73080b2ca50
Garçons (Gelbooru),trap/anon omoi_ryuugi/namae_nayami-chu - 9226523 - explicit - 4246c5232ab53fd2e5028e5847ca72c0.jpg,290379,4246c5232ab53fd2e5028e5847ca72c0
Garçons (Gelbooru),trap/anon omoi_ryuugi/namae_nayami-chu - 9227136 - explicit - 2f124b08597fcf771ca305c36ae3b24e.jpg,365532,2f124b08597fcf771ca305c36ae3b24e
Garçons (Gelbooru),trap/anon omoi_ryuugi/namae_nayami-chu - 9264905 - explicit - 2f8f8ec4bfbbba9778e86224457a6d55.jpg,299786,2f8f8ec4bfbbba9778e86224457a6d55
Garçons (Gelbooru),trap/anonymous - 5940894 - sensitive - 529e0b91eaf32d6c62d45cdbb5224e38.jpg,201876,529e0b91eaf32d6c62d45cdbb5224e38
Garçons (Gelbooru),trap/anonymous - 7730818 - explicit - b3e82216eb17064f678cea98151214be.png,689942,b3e82216eb17064f678cea98151214be
Garçons (Gelbooru),trap/anonymous - 8097378 - explicit - 44f9b2ff2c56853bf5269b64b3b652e9.jpg,157835,44f9b2ff2c56853bf5269b64b3b652e9
Garçons (Gelbooru),trap/anonymous - 8219469 - explicit - af0a79af830f0d2d5d251b75dad2ee8b.jpg,326322,af0a79af830f0d2d5d251b75dad2ee8b
Garçons (Gelbooru),trap/bean_tan - 11029661 - questionable - 00f287067adb851c04b4e33f31b293b2.jpg,217124,00f287067adb851c04b4e33f31b293b2
Garçons (Gelbooru),trap/bellhenge - 5523959 - sensitive - 946059dceb883836cf472d92880fceb3.jpg,80703,946059dceb883836cf472d92880fceb3
Garçons (Gelbooru),trap/blue_lock/chigiri_hyoma/konery_(reasonyou) - 12623701 - explicit - 54c7f98f4e064cbb5c2ad7f563d6c896.png,720835,54c7f98f4e064cbb5c2ad7f563d6c896
Garçons (Gelbooru),trap/bluefield - 4517665 - sensitive - 855e26b68a1a22d53db9a76066aac563.png,209852,855e26b68a1a22d53db9a76066aac563
Garçons (Gelbooru),trap/bluefield - 6213543 - sensitive - 1dad4acc04927deb2c6115f23ca85a9e.png,250635,1dad4acc04927deb2c6115f23ca85a9e
Garçons (Gelbooru),trap/born-to-die - 6462472 - sensitive - 83f330f4bcf3c31d697d705979f167a4.png,178618,83f330f4bcf3c31d697d705979f167a4
Garçons (Gelbooru),trap/c_take0141 - 8596693 - explicit - 8c3269b4a4e163346183fb3aac25983c.jpg,283476,8c3269b4a4e163346183fb3aac25983c
Garçons (Gelbooru),trap/caustic_crayon - 7025405 - explicit - 4c8846f35f9388cdb0550f8055f3994b.png,305844,4c8846f35f9388cdb0550f8055f3994b
Garçons (Gelbooru),trap/combos_&_doodles - 5875299 - sensitive - 48409a89f9fbf6381566775720dd4e07.jpg,95139,48409a89f9fbf6381566775720dd4e07
Garçons (Gelbooru),trap/dancho_(dancyo) - 12356437 - sensitive - c44281ceb5df0c5acb69624f186334d5.jpg,233510,c44281ceb5df0c5acb69624f186334d5
Garçons (Gelbooru),trap/dancho_(dancyo) - 5292091 - explicit - 9bf2000bc97f6f85269a14d53ee6a50a.jpg,303540,9bf2000bc97f6f85269a14d53ee6a50a
Garçons (Gelbooru),trap/dsmile - 8565121 - questionable - a96942ae5540d50c0ede353bf280645c.jpg,152467,a96942ae5540d50c0ede353bf280645c
Garçons (Gelbooru),trap/eeeeeiti_aka - 7775055 - general - 8585c08e7f5dac433334e30cfc638cfa.png,385181,8585c08e7f5dac433334e30cfc638cfa
Garçons (Gelbooru),trap/etomai - 588883 - explicit - 46e8da61a57efd87e8e8ae356ed0708a.jpg,102272,46e8da61a57efd87e8e8ae356ed0708a
Garçons (Gelbooru),trap/fate_(series)/oberon_(fate)/sausu_hitori - 9724739 - questionable - 636fddf3ca6da32604b8b38c74cede6e.jpg,160285,636fddf3ca6da32604b8b38c74cede6e
Garçons (Gelbooru),trap/fate_(series)/oberon_(fate)/sausu_hitori - 9802304 - explicit - b91957338858263169f0d621487987d8.jpg,256572,b91957338858263169f0d621487987d8
Garçons (Gelbooru),trap/fire_emblem/ares_(fire_emblem) seliph_(fire_emblem)/byefrog - 9758832 - explicit - 6d5c98bfb367670d51604ac23321adc9.jpg,399430,6d5c98bfb367670d51604ac23321adc9
Garçons (Gelbooru),trap/fkey - 4625636 - sensitive - 3aefd26c54b91da3393380a92f0bd8be.jpg,98093,3aefd26c54b91da3393380a92f0bd8be
Garçons (Gelbooru),trap/fkey - 4625637 - general - e339f53db1444200a50b80f8652f4aad.jpg,104505,e339f53db1444200a50b80f8652f4aad
Garçons (Gelbooru),trap/fkey - 4625678 - sensitive - 417a7e8fb54d4f93f006a4624e360320.jpg,108466,417a7e8fb54d4f93f006a4624e360320
Garçons (Gelbooru),trap/fugtrup - 6995708 - explicit - be88abcf89344db2e44a7a42f74e2c59.jpg,160475,be88abcf89344db2e44a7a42f74e2c59
Garçons (Gelbooru),trap/funyariko - 5926834 - sensitive - a9cbf8f1620d69adf74da3ff3229d102.png,652914,a9cbf8f1620d69adf74da3ff3229d102
Garçons (Gelbooru),trap/fylus - 6927517 - explicit - 72485c06135caefa08a672ca51112306.jpg,322552,72485c06135caefa08a672ca51112306
Garçons (Gelbooru),trap/genshin_impact/kaveh_(genshin_impact)/anonymous - 11751038 - explicit - e98b5df948c9d8ea17833c3c5cc2afc6.jpg,123201,e98b5df948c9d8ea17833c3c5cc2afc6
Garçons (Gelbooru),trap/gujira - 2100865 - explicit - 0958a6d1f44443b35e8c4115e8b1db70.jpg,121454,0958a6d1f44443b35e8c4115e8b1db70
Garçons (Gelbooru),trap/harris_hero - 6507599 - sensitive - e1936e2fff4a147fe3992335893172c3.png,346395,e1936e2fff4a147fe3992335893172c3
Garçons (Gelbooru),trap/henriiku_(ahemaru) - 7339007 - questionable - 010183cc7673cd168e703e2303f96485.jpg,67957,010183cc7673cd168e703e2303f96485
Garçons (Gelbooru),trap/hokuro_ryuuseigun - 9331897 - explicit - 3e7b5fb3a73557d22fabd3907abbd750.jpg,173557,3e7b5fb3a73557d22fabd3907abbd750
Garçons (Gelbooru),trap/ikemeru19 - 12109886 - questionable - 182fa14b6e2e9f235875041a5ab1a272.jpg,145782,182fa14b6e2e9f235875041a5ab1a272
Garçons (Gelbooru),trap/ikemeru19 - 6158828 - sensitive - ad42c5d47ee28ae385d94e7136adb364.jpg,104624,ad42c5d47ee28ae385d94e7136adb364
Garçons (Gelbooru),trap/imamiya_pinoko - 12588513 - sensitive - 9bf9f5d13e1605d7f79c6c95511cf61a.jpg,250219,9bf9f5d13e1605d7f79c6c95511cf61a
Garçons (Gelbooru),trap/imamiya_pinoko - 12588524 - sensitive - cd1d796603a6f7f71b73e80cc93a696b.jpg,215396,cd1d796603a6f7f71b73e80cc93a696b
Garçons (Gelbooru),trap/imamiya_pinoko - 12588527 - sensitive - c27a1b0a48ffda0f50f26e341e05e4eb.jpg,222013,c27a1b0a48ffda0f50f26e341e05e4eb
Garçons (Gelbooru),trap/imamiya_pinoko - 12978833 - sensitive - 41e03893dac841e7122ad5a12fed1aad.jpg,276743,41e03893dac841e7122ad5a12fed1aad
Garçons (Gelbooru),trap/imamiya_pinoko - 13236574 - sensitive - 8f9335f400eaee8078ef9c94417d3424.png,988390,8f9335f400eaee8078ef9c94417d3424
Garçons (Gelbooru),trap/imamiya_pinoko - 13955605 - sensitive - c4208f1057c7209ba2c51ee3ee0dcfef.jpg,307644,c4208f1057c7209ba2c51ee3ee0dcfef
Garçons (Gelbooru),trap/imamiya_pinoko - 6896809 - sensitive - e6c85e59f3d92554e4193aef64e81a41.jpg,181206,e6c85e59f3d92554e4193aef64e81a41
Garçons (Gelbooru),trap/imamiya_pinoko - 9072556 - questionable - 4ec0c33772a92633b9725ebc08be1b92.jpg,167670,4ec0c33772a92633b9725ebc08be1b92
Garçons (Gelbooru),trap/imamiya_pinoko - 9269994 - questionable - 612f460cc14011f26681852c8e968b8d.jpg,283069,612f460cc14011f26681852c8e968b8d
Garçons (Gelbooru),trap/imamiya_pinoko - 9276862 - sensitive - 24a8a13cf17c00f2a0a367cbaa4d1c1a.jpg,344523,24a8a13cf17c00f2a0a367cbaa4d1c1a
Garçons (Gelbooru),trap/imamiya_pinoko - 9276934 - sensitive - 6fe535968a8ba7bfbc2adcc6422b59ac.jpg,324631,6fe535968a8ba7bfbc2adcc6422b59ac
Garçons (Gelbooru),trap/jack_rockhardt - 10342370 - explicit - f4a5a29888d354153a20beb942e42a58.jpg,188675,f4a5a29888d354153a20beb942e42a58
Garçons (Gelbooru),trap/jittorip - 5634468 - explicit - 46089c2660da3b5d371d54310a12ebe9.png,852168,46089c2660da3b5d371d54310a12ebe9
Garçons (Gelbooru),trap/john_doe_(jdart) - 5818493 - explicit - 72023264596641b6d627b083e7c83f3b.png,291089,72023264596641b6d627b083e7c83f3b
Garçons (Gelbooru),trap/kanna_(blue_archive) kanna_(swimsuit)_(blue_archive)/miyabikawa_sakura - 11779595 - questionable - 2d1b54313fcfa8f3fb916356ca7faa86.jpg,77415,2d1b54313fcfa8f3fb916356ca7faa86
Garçons (Gelbooru),trap/kawacy - 2460093 - sensitive - 513d95a05d990cf35c83b6a9c5999e7d.jpg,197330,513d95a05d990cf35c83b6a9c5999e7d
Garçons (Gelbooru),trap/kitajima_yuuki - 10312753 - questionable - 571036743f3495404ce3d01bb0be9af3.jpg,171734,571036743f3495404ce3d01bb0be9af3
Garçons (Gelbooru),trap/kitajima_yuuki - 8482221 - sensitive - f34b16b7fc56f2548fef76272a716a88.jpg,222050,f34b16b7fc56f2548fef76272a716a88
Garçons (Gelbooru),trap/kitajima_yuuki - 8904753 - questionable - acfab82c23aefbcf10011225f6a89263.jpg,181523,acfab82c23aefbcf10011225f6a89263
Garçons (Gelbooru),trap/kitajima_yuuki - 9913068 - questionable - c95207a3ac875e7cc65ffec5ffb6507b.jpg,222435,c95207a3ac875e7cc65ffec5ffb6507b
Garçons (Gelbooru),trap/kitajima_yuuki - 9913069 - sensitive - 271560ff08caffd78aee8087e39b6c92.jpg,240369,271560ff08caffd78aee8087e39b6c92
Garçons (Gelbooru),trap/kitajima_yuuki - 9913070 - questionable - 292266dce8638a05aff0b145ceef4f61.jpg,198620,292266dce8638a05aff0b145ceef4f61
Garçons (Gelbooru),trap/kiyonagi - 10546924 - explicit - 31a7b37ec5ac1cc40cca203651278587.png,1721754,31a7b37ec5ac1cc40cca203651278587
Garçons (Gelbooru),trap/makkori_(utoxrjimlx8x49s) - 13411105 - explicit - b47d45583becc8573e4faf7f09b429c6.jpg,213163,b47d45583becc8573e4faf7f09b429c6
Garçons (Gelbooru),trap/miga_(migao) - 12942553 - explicit - 1a5fc0274ffcfe79bd87fc96e91b1dcd.jpg,199622,1a5fc0274ffcfe79bd87fc96e91b1dcd
Garçons (Gelbooru),trap/mikuni_saho - 654388 - questionable - 460d7d3858886b363f95c19438b10167.jpg,100762,460d7d3858886b363f95c19438b10167
Garçons (Gelbooru),trap/minazuki_juuzou - 7921283 - questionable - 3116c9c337e004c6ee7e45d3eead104b.jpg,116917,3116c9c337e004c6ee7e45d3eead104b
Garçons (Gelbooru),trap/ming_(5unri5e666) - 8031257 - explicit - e442bf44b2c2725b18221709bc2f0133.png,312142,e442bf44b2c2725b18221709bc2f0133
Garçons (Gelbooru),trap/miyabino_(miyabi1616) - 3908553 - sensitive - bd82a7e7374a4f6fb76d93784e9ccb47.jpg,114852,bd82a7e7374a4f6fb76d93784e9ccb47
Garçons (Gelbooru),trap/monark/anon shinya_yuda/pepero_(prprlo) - 9974932 - explicit - 8a21cd377487dc0e39d1ff5bb6acd754.png,470635,8a21cd377487dc0e39d1ff5bb6acd754
Garçons (Gelbooru),trap/monark/shinya_yuda/pepero_(prprlo) - 9974683 - explicit - 6387db5f65b5544ed4bbf41d820814bf.png,519079,6387db5f65b5544ed4bbf41d820814bf
Garçons (Gelbooru),trap/monark/shinya_yuda/pepero_(prprlo) - 9974851 - explicit - 3dda57db74a33a2ef5e3bb0d6f7b249e.jpg,136866,3dda57db74a33a2ef5e3bb0d6f7b249e
Garçons (Gelbooru),trap/morimiya_(kuroro) - 7606129 - questionable - bf467e73041a5b63f6b4c1d789af7e19.png,163144,bf467e73041a5b63f6b4c1d789af7e19
Garçons (Gelbooru),trap/nagase_haruhito - 4228282 - questionable - be84dee08aec09a6b00246a90de764b4.jpg,78907,be84dee08aec09a6b00246a90de764b4
Garçons (Gelbooru),trap/neko_sensha - 2458426 - sensitive - 4dfab7c98de58a71f5ca9abe5e99e795.png,499905,4dfab7c98de58a71f5ca9abe5e99e795
Garçons (Gelbooru),trap/neone - 5356109 - sensitive - 0d849a57e764e0dcc2e27b374e4d9831.png,205856,0d849a57e764e0dcc2e27b374e4d9831
Garçons (Gelbooru),trap/nige_jouzu_no_wakagimi/houjou_tokiyuki_(nige_jouzu_no_wakagimi)/moruru_08 - 10430059 - questionable - d9fd16c480b4782e04bf25cf44769207.jpg,202649,d9fd16c480b4782e04bf25cf44769207
Garçons (Gelbooru),trap/nori_(norinorirrr) - 10018689 - explicit - 37806d20c8eeb5520dc3fe0a563ed807.jpg,265675,37806d20c8eeb5520dc3fe0a563ed807
Garçons (Gelbooru),trap/omoi_ryuugi/namae_nayami-chu - 9226457 - explicit - d78b532e5d9f977b6b9945f8d96a9c29.jpg,228494,d78b532e5d9f977b6b9945f8d96a9c29
Garçons (Gelbooru),trap/omoi_ryuugi/namae_nayami-chu - 9226472 - explicit - f195e7cf17114d91977b41b2b40365b0.jpg,285505,f195e7cf17114d91977b41b2b40365b0
Garçons (Gelbooru),trap/omoi_ryuugi/namae_nayami-chu - 9227292 - explicit - 215ddab9da4be558ae725d5f8e746497.jpg,192030,215ddab9da4be558ae725d5f8e746497
Garçons (Gelbooru),trap/pepero_(prprlo) - 7247249 - explicit - 5f318b5b6036b5903142ec3ded1e2210.jpg,165292,5f318b5b6036b5903142ec3ded1e2210
Garçons (Gelbooru),trap/pepero_(prprlo) - 7247250 - questionable - db8b6c0cf9370d0d04f8b3cc28193e14.jpg,187970,db8b6c0cf9370d0d04f8b3cc28193e14
Garçons (Gelbooru),trap/pepero_(prprlo) - 7343627 - explicit - 80982f42cae5acd780930d07591587fa.jpg,230615,80982f42cae5acd780930d07591587fa
Garçons (Gelbooru),trap/rokuzukeita - 12273651 - explicit - f4b4bcc3401ef33775fb1205f07fb1ad.jpg,95519,f4b4bcc3401ef33775fb1205f07fb1ad
Garçons (Gelbooru),trap/seitarou - 6805975 - explicit - f2358fc387459c71e3df0fef9e44e768.jpg,136741,f2358fc387459c71e3df0fef9e44e768
Garçons (Gelbooru),trap/shinsei_rorishotashotasuku & shuffle_(songdatiankong) - 8745434 - explicit - 20ae99a2fc3a73400b1a0e7fb08ad5ab.jpg,319994,20ae99a2fc3a73400b1a0e7fb08ad5ab
Garçons (Gelbooru),trap/shisei_(kyuushoku_banchou) - 12627975 - sensitive - f7fe6fdb81c09c90fb1782e875ac5a82.jpg,307398,f7fe6fdb81c09c90fb1782e875ac5a82
Garçons (Gelbooru),trap/shisei_(kyuushoku_banchou) - 12630335 - sensitive - 8d9a6c327f0632df1ec6268bee2d8937.png,897046,8d9a6c327f0632df1ec6268bee2d8937
Garçons (Gelbooru),trap/shisei_(kyuushoku_banchou) - 5395924 - sensitive - 962638e8c9fa686ec69a4e20ca9164e7.jpg,298293,962638e8c9fa686ec69a4e20ca9164e7
Garçons (Gelbooru),trap/shisei_(kyuushoku_banchou) - 5421581 - sensitive - f88b0d16fcdb4a4bce6da92cf066c1c0.png,744029,f88b0d16fcdb4a4bce6da92cf066c1c0
Garçons (Gelbooru),trap/shisei_(kyuushoku_banchou) - 5421582 - sensitive - 2e001a9c4d320f282ad29129a63ddd4f.png,798577,2e001a9c4d320f282ad29129a63ddd4f
Garçons (Gelbooru),trap/shisei_(kyuushoku_banchou) - 5451805 - sensitive - 552592e6b375968bdabb650eb6ab5efe.png,753515,552592e6b375968bdabb650eb6ab5efe
Garçons (Gelbooru),trap/shisei_(kyuushoku_banchou) - 5451807 - sensitive - 168109b654032be2fc84cd631a90f153.png,660405,168109b654032be2fc84cd631a90f153
Garçons (Gelbooru),trap/shisei_(kyuushoku_banchou) - 6254163 - sensitive - f18fc41f00d63a654d84848c0042f6df.png,544704,f18fc41f00d63a654d84848c0042f6df
Garçons (Gelbooru),trap/shisei_(kyuushoku_banchou) - 6254165 - sensitive - 2bb18e920b5f9ae3504c196226081b61.png,667686,2bb18e920b5f9ae3504c196226081b61
Garçons (Gelbooru),trap/shisei_(kyuushoku_banchou) - 6254168 - sensitive - d4f5898d619e935370bd8e858bedfc75.png,702042,d4f5898d619e935370bd8e858bedfc75
Garçons (Gelbooru),trap/shisei_(kyuushoku_banchou) - 6400712 - sensitive - ae48d53217fb39a1a61afa34ac2f0e62.png,824304,ae48d53217fb39a1a61afa34ac2f0e62
Garçons (Gelbooru),trap/shisei_(kyuushoku_banchou) - 6400729 - questionable - 5a52e6b0d22443b5ce595b07adf65598.jpg,218759,5a52e6b0d22443b5ce595b07adf65598
Garçons (Gelbooru),trap/shisei_(kyuushoku_banchou) - 6616144 - sensitive - 45e793a45d9ea18395a3165b8f2607fc.png,933924,45e793a45d9ea18395a3165b8f2607fc
Garçons (Gelbooru),trap/shisei_(kyuushoku_banchou) - 6626291 - sensitive - 0c47b98fca5c925f12fc47b9b3944e59.png,932018,0c47b98fca5c925f12fc47b9b3944e59
Garçons (Gelbooru),trap/st_(youx1119) - 5864223 - sensitive - 381f1bae12ecc868d9a4c5bdb6cf008a.jpg,165584,381f1bae12ecc868d9a4c5bdb6cf008a
Garçons (Gelbooru),trap/st_(youx1119) - 6013457 - sensitive - 43f80095955ac1ab66670fd1fea9f75a.jpg,102135,43f80095955ac1ab66670fd1fea9f75a
Garçons (Gelbooru),trap/sunaba_(nczd5875) - 9923602 - questionable - 5490f03e757873b009f427343e4cf73b.png,364750,5490f03e757873b009f427343e4cf73b
Garçons (Gelbooru),trap/tamatamako01 - 5865460 - sensitive - 33eb477ccf64b67c1317faff8a8c5b85.jpg,264991,33eb477ccf64b67c1317faff8a8c5b85
Garçons (Gelbooru),trap/the_legend_of_zelda/link/kokekokeimo - 9019822 - questionable - 7fe87a56998dc1954203775351a310c2.jpg,43658,7fe87a56998dc1954203775351a310c2
Garçons (Gelbooru),trap/the_legend_of_zelda/link/nastacic - 9072123 - explicit - d0a8495a504c45aee0b0032779a6061f.jpg,264631,d0a8495a504c45aee0b0032779a6061f
Garçons (Gelbooru),trap/turisasu - 4980585 - explicit - c76eac8724e4c3a94aa361b4b33f95ac.png,735956,c76eac8724e4c3a94aa361b4b33f95ac
Garçons (Gelbooru),trap/wankoba - 3627394 - sensitive - 1f00a9c4276da8bc257fac41bcc6d19a.jpg,82959,1f00a9c4276da8bc257fac41bcc6d19a
Garçons (Gelbooru),trap/yoako - 11634253 - sensitive - 21f57e5a993326343efd87b9116974c3.png,215813,21f57e5a993326343efd87b9116974c3
Garçons (Gelbooru),trap/yoruhachi - 9714434 - questionable - 239bfe6f43dbfa56be1e8d4cba96ea39.jpg,133733,239bfe6f43dbfa56be1e8d4cba96ea39
Garçons (Gelbooru),trap/yuu_(mboj_fdk) - 7162229 - sensitive - aa33cffdc560d3385dc3f04b939949f9.jpg,112179,aa33cffdc560d3385dc3f04b939949f9
Garçons (Gelbooru),und/ailm - 3942597 - sensitive - a6a24798829fb07c94bd5347b69547f8.jpg,89869,a6a24798829fb07c94bd5347b69547f8
Garçons (Gelbooru),und/aji_megumi_(ajiedayo) - 3034669 - explicit - 117655584147c20d737ef51447cc1a11.jpg,128141,117655584147c20d737ef51447cc1a11
Garçons (Gelbooru),und/anonymous - 3378372 - sensitive - 1b032eb1820f9d39d62ba72803996d4f.jpg,98715,1b032eb1820f9d39d62ba72803996d4f
Garçons (Gelbooru),und/anonymous - 4598700 - sensitive - e5735d9df096e69c5dac6415dc650017.jpg,73539,e5735d9df096e69c5dac6415dc650017
Garçons (Gelbooru),und/anonymous - 6513097 - explicit - 11c6a7f5694d5596ae6792f493885d8a.png,73352,11c6a7f5694d5596ae6792f493885d8a
Garçons (Gelbooru),und/aoi_chimaki - 3185255 - explicit - d7da9dd2dea8d1f5d73ffbd385ea7c2b.jpg,65001,d7da9dd2dea8d1f5d73ffbd385ea7c2b
Garçons (Gelbooru),und/bludwing - 3878949 - explicit - b38d2bad5f4afdfaad10328690ce00b9.jpg,222228,b38d2bad5f4afdfaad10328690ce00b9
Garçons (Gelbooru),und/bunmare - 3556340 - sensitive - ba8463a814a0bc3438471074c010c2cf.png,347585,ba8463a814a0bc3438471074c010c2cf
Garçons (Gelbooru),und/g1_(jjw00123) - 6702198 - explicit - 46f217f1cb8b442186f96f017a56e4e9.png,291644,46f217f1cb8b442186f96f017a56e4e9
Garçons (Gelbooru),und/hiyoko_meshi & hiyotama0715 - 3949064 - explicit - b763cb0eab11c2ae139439e27ee9270e.png,342211,b763cb0eab11c2ae139439e27ee9270e
Garçons (Gelbooru),und/jianmo_sl - 2261892 - sensitive - 3b05899b6be30cda0eaa26947ef51594.png,222192,3b05899b6be30cda0eaa26947ef51594
Garçons (Gelbooru),und/jou_(13736331) - 3395127 - sensitive - dc08c68e3fad342c03dc1f142c7a566c.png,312430,dc08c68e3fad342c03dc1f142c7a566c
Garçons (Gelbooru),und/kanatougo - 3674207 - explicit - dd54adfed755bd5fccbbe75555738289.jpg,53015,dd54adfed755bd5fccbbe75555738289
Garçons (Gelbooru),und/kobolx - 7156080 - explicit - bbc761327fb33fbc3e08d6aa031b1708.jpg,205876,bbc761327fb33fbc3e08d6aa031b1708
Garçons (Gelbooru),und/mikanururu - 3400865 - sensitive - d3596c15b7e29ea3ed155fa9306d4a82.png,446744,d3596c15b7e29ea3ed155fa9306d4a82
Garçons (Gelbooru),und/mochi_otto - 3933129 - explicit - 0e27ac6189456b27256a86e2d92c3101.jpg,72499,0e27ac6189456b27256a86e2d92c3101
Garçons (Gelbooru),und/naruse_(naru_224s) - 5728552 - sensitive - a50406255c1b43b4f7e06b6966f81500.jpg,71360,a50406255c1b43b4f7e06b6966f81500
Garçons (Gelbooru),und/nayoshi_(r-744) - 7678633 - sensitive - b3aa65c75bbbc5e7d587fa7cce9eebeb.jpg,123663,b3aa65c75bbbc5e7d587fa7cce9eebeb
Garçons (Gelbooru),und/nyuusan - 2676558 - explicit - dedf4753ab2a553178a9bd3967e0f4e8.jpg,111230,dedf4753ab2a553178a9bd3967e0f4e8
Garçons (Gelbooru),und/oto_hu02 - 2852809 - explicit - 11f463726c40be4fbf4c13f4e371eaaf.jpg,59272,11f463726c40be4fbf4c13f4e371eaaf
Garçons (Gelbooru),und/sabizarts - 7306588 - sensitive - 9e153e6a83361c7e1c4c4e9fab0969dd.jpg,143887,9e153e6a83361c7e1c4c4e9fab0969dd
Garçons (Gelbooru),und/shoco_(sco_labo) - 6083209 - sensitive - b51df015625ea7750a7997b39689ea7b.jpg,144509,b51df015625ea7750a7997b39689ea7b
Garçons (Gelbooru),und/st_(youx1119) - 5187179 - sensitive - 68a66575b2bb91d1a5a9e746846572c6.jpg,108190,68a66575b2bb91d1a5a9e746846572c6
Garçons (Gelbooru),und/sunaba_(nczd5875) - 7318904 - sensitive - c6469e7d6683d0195f6f0937793aec43.jpg,70101,c6469e7d6683d0195f6f0937793aec43
Garçons (Gelbooru),und/yamabuki_(yamabuki_xxxxx) - 7148288 - sensitive - 2c1f37c6ddefa883d7f872eacffb4de2.png,619455,2c1f37c6ddefa883d7f872eacffb4de2
Garçons (Gelbooru),undressing/jujeop - 8508217 - sensitive - de7277061b3255f81fc4997f336d00f8.jpg,196620,de7277061b3255f81fc4997f336d00f8
Garçons (Gelbooru),undressing/koe_(mixpi) - 7175335 - questionable - a6cfc1a50e17003d64c59cc6782aae3c.jpg,127303,a6cfc1a50e17003d64c59cc6782aae3c
Garçons (Gelbooru),vehicle motorcycle/recycled - 8897201 - sensitive - f7421c65455ef475c9ecdb6c07bd89a0.jpg,385471,f7421c65455ef475c9ecdb6c07bd89a0
Garçons (Gelbooru),vehicle motorcycle/yarimono - 11001076 - general - 5bf4f9f3c5af0d1d8000122c40447a9a.jpg,276230,5bf4f9f3c5af0d1d8000122c40447a9a
Garçons (Gelbooru),Weapons/axe dagger holding_weapon knife/jun_(navigavi) - 5547629 - general - 8a96b4fba8c6882567d3f989d2e406ca.jpg,213415,8a96b4fba8c6882567d3f989d2e406ca
Garçons (Gelbooru),Weapons/axe dagger knife/jun_(navigavi) - 5630663 - sensitive - 8b1ce35256cfd1d238bc755b93eee59c.jpg,264611,8b1ce35256cfd1d238bc755b93eee59c
Garçons (Gelbooru),Weapons/axe/hwan_(mob_hwan) - 13645635 - sensitive - 0466cc24396aad887db37cc78793ebc5.jpg,246091,0466cc24396aad887db37cc78793ebc5
Garçons (Gelbooru),Weapons/baseball_bat/beitemian - 10206975 - explicit - eb3dbaae33254be26dbac007015b94ff.jpg,313112,eb3dbaae33254be26dbac007015b94ff
Garçons (Gelbooru),Weapons/baseball_bat/beitemian - 10255954 - explicit - 9b5785dc82388e308cb603b524bceec0.jpg,179092,9b5785dc82388e308cb603b524bceec0
Garçons (Gelbooru),Weapons/baseball_bat/beitemian - 10255957 - explicit - e464afa0a6d24e9e0c32c6ce50124900.jpg,173406,e464afa0a6d24e9e0c32c6ce50124900
Garçons (Gelbooru),Weapons/baseball_bat/beitemian - 10255964 - explicit - 263156d7a04141b2135b735f13aa908b.jpg,247258,263156d7a04141b2135b735f13aa908b
Garçons (Gelbooru),Weapons/bow_(weapon)/mn_(zig_r14) - 6459111 - sensitive - aa8efa67be0874467682a8dbcc26ff66.png,405059,aa8efa67be0874467682a8dbcc26ff66
Garçons (Gelbooru),Weapons/bow_(weapon)/samu_(a117216) - 3690683 - sensitive - 977142982826f9ce6107bcce9fbe1244.jpg,213108,977142982826f9ce6107bcce9fbe1244
Garçons (Gelbooru),Weapons/Firearms/firearm/anonymous - 10087038 - sensitive - 1491210fc0a1e6a4ef1f2cc7bc83ce64.png,575775,1491210fc0a1e6a4ef1f2cc7bc83ce64
Garçons (Gelbooru),Weapons/Firearms/firearm/ericson_blum - 8535179 - sensitive - 0c2ea2ce627793da07bd8e1a4524ed3c.jpg,161212,0c2ea2ce627793da07bd8e1a4524ed3c
Garçons (Gelbooru),Weapons/Firearms/firearm/haze_(ha_ze) - 7591138 - questionable - 4b235b6e9dc0c22875f1270ffd70c360.jpg,239997,4b235b6e9dc0c22875f1270ffd70c360
Garçons (Gelbooru),Weapons/Firearms/firearm/jujeop - 8663681 - questionable - 59410a88c9eb1ba5076ddae5e3753fb5.jpg,213223,59410a88c9eb1ba5076ddae5e3753fb5
Garçons (Gelbooru),Weapons/Firearms/firearm/kuraka - 4376386 - sensitive - 4b23f2a91979367a8a057d5913590d8f.jpg,185224,4b23f2a91979367a8a057d5913590d8f
Garçons (Gelbooru),Weapons/Firearms/firearm/nakamura_sumikage - 4099811 - sensitive - 0f914f036a34691fc70bb631372732b5.jpg,79555,0f914f036a34691fc70bb631372732b5
Garçons (Gelbooru),Weapons/Firearms/firearm/umikochannart - 10044971 - sensitive - 30550f1ad1bf1f77cde32bf429318fa8.jpg,616066,30550f1ad1bf1f77cde32bf429318fa8
Garçons (Gelbooru),Weapons/holding_weapon/ivy_(sena0119) - 9962281 - sensitive - 643878758cce1d2f342a81bf0a1fd6b5.jpg,179438,643878758cce1d2f342a81bf0a1fd6b5
Garçons (Gelbooru),Weapons/holding_weapon/miz_gracia - 7460558 - sensitive - eba45be4f958a433fbcf4e88dbdff00a.jpg,171947,eba45be4f958a433fbcf4e88dbdff00a
Garçons (Gelbooru),Weapons/ivy_(sena0119) - 6873513 - sensitive - 6b4834d76d07dfd34c06598a12383997.jpg,161112,6b4834d76d07dfd34c06598a12383997
Garçons (Gelbooru),Weapons/knife/ryouya - 4137273 - sensitive - a856f2ce67a69e172f9d77240dcbacbb.jpg,166032,a856f2ce67a69e172f9d77240dcbacbb
Garçons (Gelbooru),Weapons/moryo - 7033252 - sensitive - 5a32208de9c49bd3ddb524ad9e684963.jpg,352819,5a32208de9c49bd3ddb524ad9e684963
Garçons (Gelbooru),Weapons/shield/anonymous - 8702721 - sensitive - 6f38b02d1a19618b8b5bc5f2ec306bc6.jpg,235578,6f38b02d1a19618b8b5bc5f2ec306bc6
Garçons (Gelbooru),Weapons/spear/jino - 4253444 - sensitive - ef25ba9f87a549ed62e3a4005dbf35b2.png,68826,ef25ba9f87a549ed62e3a4005dbf35b2
Garçons (Gelbooru),Weapons/Swords/axe sword/jun_(navigavi) - 5005477 - sensitive - 24249552247ca954d65b4e2eb8686d70.jpg,254063,24249552247ca954d65b4e2eb8686d70
Garçons (Gelbooru),Weapons/Swords/dagger knife sword/jun_(navigavi) - 6096440 - sensitive - 54981e26c8e66701b26612ff8d9eae5a.jpg,196614,54981e26c8e66701b26612ff8d9eae5a
Garçons (Gelbooru),Weapons/Swords/holding_weapon sword/chihuri - 9451582 - general - c2453434c119bb0171e7a429171c2ceb.jpg,198208,c2453434c119bb0171e7a429171c2ceb
Garçons (Gelbooru),Weapons/Swords/holding_weapon sword/ivy_(sena0119) - 5671999 - sensitive - a9527dddc8d8b91a8b7726b2d47566bc.jpg,220204,a9527dddc8d8b91a8b7726b2d47566bc
Garçons (Gelbooru),Weapons/Swords/holding_weapon sword/jun_(navigavi) - 4655714 - sensitive - 8359458a0b63de20667850f042bd4504.jpg,379064,8359458a0b63de20667850f042bd4504
Garçons (Gelbooru),Weapons/Swords/sword/anonymous - 757232 - sensitive - 108e08051c5177fbc8041d1fbfafcefa.jpg,82097,108e08051c5177fbc8041d1fbfafcefa
Garçons (Gelbooru),Weapons/Swords/sword/jun_(navigavi) - 5979480 - sensitive - 80d17098dba397b5811d53d9cd028e9e.jpg,275392,80d17098dba397b5811d53d9cd028e9e
Garçons (Gelbooru),Weapons/Swords/sword/morino_bambi - 5437909 - sensitive - 5c9ab6a47c1726e77730134d3b8e2404.jpg,172020,5c9ab6a47c1726e77730134d3b8e2404
Garçons (Gelbooru),Weapons/Swords/sword/oim8n - 7044766 - sensitive - 04bdeb83fc268043d53e6116a2575038.jpg,238675,04bdeb83fc268043d53e6116a2575038
Garçons (Gelbooru),Weapons/Swords/sword/zek_(zecola) - 3506350 - sensitive - ad4cde3a63ceaa6eec089b3968b62d51.png,183428,ad4cde3a63ceaa6eec089b3968b62d51
Garçons (Gelbooru),Weapons/Swords/sword/ziv_zivy - 10109646 - explicit - f384f99a2d7d25c7925266484da45df1.jpg,146260,f384f99a2d7d25c7925266484da45df1
Garçons (Gelbooru),wizard/pinoli_(pinoli66) - 10041949 - general - b21f59e851fa1548721d94df80bf2f35.jpg,232450,b21f59e851fa1548721d94df80bf2f35
Garçons (Gelbooru),yaoi/bludwing - 12322914 - explicit - e92e206e6491e437abfdc62401b1303d.jpg,191310,e92e206e6491e437abfdc62401b1303d
Garçons (Gelbooru),yaoi/chenzcy - 9738594 - explicit - 3273694d876aaf236669198ff1047db5.jpg,449279,3273694d876aaf236669198ff1047db5
Garçons (Gelbooru),yaoi/fugtrup - 10573259 - explicit - e663d6729ee4b6d58e448531a714f2fa.png,786529,e663d6729ee4b6d58e448531a714f2fa
Garçons (Gelbooru),yaoi/kobolx - 12579345 - explicit - dae58fc12d89538b74f6ee14a34533ff.jpg,239332,dae58fc12d89538b74f6ee14a34533ff
Garçons (Gelbooru),yaoi/magayser - 12857658 - explicit - 319c069a2455ada62cb7337c5099512e.jpg,220415,319c069a2455ada62cb7337c5099512e
Garçons (Gelbooru),yaoi/ming_(5unri5e666) - 12784873 - explicit - 6be4cc8948f38e1a46d0690b49b0f4f0.jpg,198469,6be4cc8948f38e1a46d0690b49b0f4f0
Garçons (Gelbooru),yaoi/namae_nayami-chu - 9264958 - explicit - 406ff6c842dba7f77cdb6ccdc88cc4af.jpg,272620,406ff6c842dba7f77cdb6ccdc88cc4af
Garçons (Gelbooru),yaoi/none_(kameko227) - 11006335 - explicit - c2a4cf5ec1476432c7da168ecdff957b.jpg,312465,c2a4cf5ec1476432c7da168ecdff957b
Garçons (Gelbooru),yaoi/rokuzukeita - 12951159 - explicit - 7768958f5e0e5bd77e86ad8952e447fa.jpg,87209,7768958f5e0e5bd77e86ad8952e447fa
Garçons (Gelbooru),yaoi/runa_(nori31291404) - 9067503 - explicit - 414a16e756e611291f54724d65ff9d23.jpg,175424,414a16e756e611291f54724d65ff9d23
Garçons (Gelbooru),yaoi/yukix2 - 11870222 - explicit - e60fc8c04b4da5f2396613f40feb3b64.jpg,255472,e60fc8c04b4da5f2396613f40feb3b64
Garçons (Gelbooru) s&l,anal_beads/doa_nokka - 3931620 - explicit - 8e1e7140ca17368c636161e8e670a178.jpg,108735,8e1e7140ca17368c636161e8e670a178
Garçons (Gelbooru) s&l,anal_beads/satou_(satohstc) - 3167921 - explicit - 6297962c85994f3effdd1d333be7873b.jpg,68136,6297962c85994f3effdd1d333be7873b
Garçons (Gelbooru) s&l,anal_fingering/kobolx - 7134703 - explicit - 75ce4aa8863092b3c66f8f3821054f9c.jpg,156344,75ce4aa8863092b3c66f8f3821054f9c
Garçons (Gelbooru) s&l,anal_object_insertion/beitemian - 4201631 - explicit - 4bb5c4e6cfb452a955c091a16a646714.jpg,155863,4bb5c4e6cfb452a955c091a16a646714
Garçons (Gelbooru) s&l,anal_object_insertion/master_maichin - 5609825 - explicit - e4952da176413e09f5910a9e9837c95b.jpg,124013,e4952da176413e09f5910a9e9837c95b
Garçons (Gelbooru) s&l,anal_object_insertion/yoruhachi - 5239861 - explicit - fec7167e45b8dd1b8d9d58c109f9912f.jpg,127769,fec7167e45b8dd1b8d9d58c109f9912f
Garçons (Gelbooru) s&l,androgynous/g1_(jjw00123) - 7717640 - explicit - b5bbaa48c973ddf74bc2b02e6e2bb99a.png,343200,b5bbaa48c973ddf74bc2b02e6e2bb99a
Garçons (Gelbooru) s&l,bdsm/bdsm rope/kobolx - 7438609 - explicit - 5dec14dec0ad62f8a221209f4d4c1998.jpg,164750,5dec14dec0ad62f8a221209f4d4c1998
Garçons (Gelbooru) s&l,bdsm/bdsm tape_gag gagged/chanta_(atama_tansan) - 3413691 - explicit - 5e0b270f9215a39e1bf188cf079f6fa7.png,153048,5e0b270f9215a39e1bf188cf079f6fa7
Garçons (Gelbooru) s&l,bdsm/bdsm tape_gag gagged/tsukuru_(seki_sabato) - 2783695 - explicit - 4dbcb88913e727bcbcfc28cdf7e084bb.png,744207,4dbcb88913e727bcbcfc28cdf7e084bb
Garçons (Gelbooru) s&l,bdsm/nayoshi_(r-744) - 5905636 - questionable - f33a4a40dedf766bbd56267da5d3506a.jpg,114992,f33a4a40dedf766bbd56267da5d3506a
Garçons (Gelbooru) s&l,bondage/kobolx - 8024932 - explicit - 2b4c3802acad078b43dca4d97c04921e.jpg,193805,2b4c3802acad078b43dca4d97c04921e
Garçons (Gelbooru) s&l,chastity_cage/gliglimo - 7925756 - explicit - 14542c9774866dba9e26a694f65405fb.jpg,74989,14542c9774866dba9e26a694f65405fb
Garçons (Gelbooru) s&l,chastity_cage/jack_rockhardt - 11841724 - explicit - bbb9acdfd055b15a68a041db675b6ff4.jpg,157053,bbb9acdfd055b15a68a041db675b6ff4
Garçons (Gelbooru) s&l,cum_in_mouth/midori_fujo - 6311630 - explicit - a47e6574873a894cb8b0118456dc7b63.png,236488,a47e6574873a894cb8b0118456dc7b63
Garçons (Gelbooru) s&l,cum_on_face/kobolx - 7438608 - explicit - 1f14ec26beb411e26c028f7601c53512.jpg,175291,1f14ec26beb411e26c028f7601c53512
Garçons (Gelbooru) s&l,erection_under_clothes/nayoshi_(r-744) - 3475348 - questionable - f7c7bb98d077d4bb1c7863cdea60934b.jpg,149531,f7c7bb98d077d4bb1c7863cdea60934b
Garçons (Gelbooru) s&l,fellatio rape/anonymous - 5397135 - explicit - 71b94d345acca1a32338f0a1f1fab6e8.jpg,94746,71b94d345acca1a32338f0a1f1fab6e8
Garçons (Gelbooru) s&l,fellatio/amatake_akewo & yamada_(ff11r18) - 989484 - explicit - e718c1ee5dfd5dafdda65fc180f4602a.jpg,146563,e718c1ee5dfd5dafdda65fc180f4602a
Garçons (Gelbooru) s&l,fellatio/charm_point - 3038388 - explicit - 90a516a84377c6753fe95f74b4eb5936.jpg,116945,90a516a84377c6753fe95f74b4eb5936
Garçons (Gelbooru) s&l,fellatio/g1_(jjw00123) - 8226962 - explicit - 9fefa738971fa50f0d3cf3aaa90e8000.png,153353,9fefa738971fa50f0d3cf3aaa90e8000
Garçons (Gelbooru) s&l,fellatio/genda - 1387937 - explicit - 3353a4a6107f01964d7be4175b49421a.png,314394,3353a4a6107f01964d7be4175b49421a
Garçons (Gelbooru) s&l,fellatio/kobolx - 7156079 - explicit - a97b06c1e294231b0e6b2efac87c902b.jpg,209358,a97b06c1e294231b0e6b2efac87c902b
Garçons (Gelbooru) s&l,fellatio/oto_hu02 - 3068177 - explicit - a265d167c3f3f2453f04c3ed0fbf3d02.png,131325,a265d167c3f3f2453f04c3ed0fbf3d02
Garçons (Gelbooru) s&l,fellatio/sandsuna - 7231923 - explicit - e352df69c581029a88c47ca720816bb6.jpg,292074,e352df69c581029a88c47ca720816bb6
Garçons (Gelbooru) s&l,fellatio/sandsuna - 7231965 - explicit - 2f074bcb5c053164d20f87fb1d002d69.jpg,87122,2f074bcb5c053164d20f87fb1d002d69
Garçons (Gelbooru) s&l,fellatio/sandsuna - 7231966 - explicit - 31bb59d6929b7051f3982874203f8515.jpg,217960,31bb59d6929b7051f3982874203f8515
Garçons (Gelbooru) s&l,femdom/ebimomo - 6544883 - sensitive - ea5fee9915fbf4682e9817a4bf34ccaa.jpg,151539,ea5fee9915fbf4682e9817a4bf34ccaa
Garçons (Gelbooru) s&l,femdom/kuroishi_ringo - 2557893 - explicit - edb9f7b874f32b3f4496859b6018a8cc.png,307194,edb9f7b874f32b3f4496859b6018a8cc
Garçons (Gelbooru) s&l,femdom/saigado - 1973052 - explicit - 952130ace72a066bc8d9a3d1ff7ed4ae.jpg,357575,952130ace72a066bc8d9a3d1ff7ed4ae
Garçons (Gelbooru) s&l,fucked_silly/gujira - 2103525 - explicit - 80c62c7d071db88829802b25829d3d40.jpg,144191,80c62c7d071db88829802b25829d3d40
Garçons (Gelbooru) s&l,fucked_silly/gujira - 2170261 - explicit - b22c3b6d7049701b494b01c4b5e6dfb1.jpg,120893,b22c3b6d7049701b494b01c4b5e6dfb1
Garçons (Gelbooru) s&l,gaping/beitemian - 6359873 - explicit - 46abed1057d6d1f84c5fb0ec96381cef.jpg,207099,46abed1057d6d1f84c5fb0ec96381cef
Garçons (Gelbooru) s&l,gaping/fairwind - 3718570 - explicit - 3833b9593a6cf4e3e77980f01509b2e0.jpg,211025,3833b9593a6cf4e3e77980f01509b2e0
Garçons (Gelbooru) s&l,gaping/mebata_shun - 2419344 - explicit - 3bd84ae2d9d5e6d4db9dec5204a0d95e.jpg,107635,3bd84ae2d9d5e6d4db9dec5204a0d95e
Garçons (Gelbooru) s&l,gaping/steamed_egg - 5182827 - explicit - 6956cc022fc8b8abccb99d11e7e4ae53.jpg,133478,6956cc022fc8b8abccb99d11e7e4ae53
Garçons (Gelbooru) s&l,gaping/sunaba_(nczd5875) - 5047333 - explicit - 2a6f2d75187d4c8e272182436f602f67.png,153609,2a6f2d75187d4c8e272182436f602f67
Garçons (Gelbooru) s&l,glasses/gujira - 2103518 - explicit - cfb1b693a97758d8487caaab5cf35d49.jpg,154502,cfb1b693a97758d8487caaab5cf35d49
Garçons (Gelbooru) s&l,interracial & interspecies/g1_(jjw00123) - 7618410 - explicit - 7b60a262928b31057aeda1a05589dc22.png,259372,7b60a262928b31057aeda1a05589dc22
Garçons (Gelbooru) s&l,interracial & interspecies/itsme_takk - 8332692 - explicit - acfefc3a104e82622f7511236273514b.jpg,174174,acfefc3a104e82622f7511236273514b
Garçons (Gelbooru) s&l,interracial & interspecies/lvl99 - 7234689 - explicit - 9fe84e2a60ce527d90620220f10da198.jpg,61882,9fe84e2a60ce527d90620220f10da198
Garçons (Gelbooru) s&l,leash/anonymous - 7242452 - explicit - 274d22c1e99522249cfe6d74a2044081.png,521474,274d22c1e99522249cfe6d74a2044081
Garçons (Gelbooru) s&l,love_(pspdspsp) - 3903153 - explicit - 98af9cb1eeedaae149b175b60ac42937.jpg,128802,98af9cb1eeedaae149b175b60ac42937
Garçons (Gelbooru) s&l,maid/gujira - 2855894 - sensitive - 7c1c3c028a3b2254a9e7b4a10fab3ba9.jpg,317493,7c1c3c028a3b2254a9e7b4a10fab3ba9
Garçons (Gelbooru) s&l,maid/nagano_rira - 4974454 - questionable - 8da2b0f9713b8b7a3291fea976a5f85f.png,164431,8da2b0f9713b8b7a3291fea976a5f85f
Garçons (Gelbooru) s&l,pants/black_pants/namae_nayami-chu - 9234028 - explicit - 3c40fe06168ae17ff64c8e8c1de9d45e.jpg,399959,3c40fe06168ae17ff64c8e8c1de9d45e
Garçons (Gelbooru) s&l,Piercings/piercing/konmamion - 9787531 - sensitive - 096b57f5a278ec472e8f7742e72c85f8.jpg,122044,096b57f5a278ec472e8f7742e72c85f8
Garçons (Gelbooru) s&l,Piercings/piercing/nayoshi_(r-744) - 3361303 - questionable - 63a80530174c87edf877689fbc423266.jpg,55081,63a80530174c87edf877689fbc423266
Garçons (Gelbooru) s&l,rape broken_rape_victim/satyros - 3397948 - explicit - f5d1e43f2fc9fbc920634e28601a6622.jpg,158693,f5d1e43f2fc9fbc920634e28601a6622
Garçons (Gelbooru) s&l,rape imminent_rape/ialcor - 3749417 - explicit - bdf840020464d311adb073f62ca3596c.jpg,244974,bdf840020464d311adb073f62ca3596c
Garçons (Gelbooru) s&l,rape restrained/beitemian - 3954116 - explicit - d72fa0b73bc0c5dd51cc05ba98429eae.jpg,128994,d72fa0b73bc0c5dd51cc05ba98429eae
Garçons (Gelbooru) s&l,rape restrained/mebata_shun - 1187105 - explicit - efd4d3531ab139e5b47bf662b9e85473.png,169383,efd4d3531ab139e5b47bf662b9e85473
Garçons (Gelbooru) s&l,rape restrained/wataya - 5546928 - explicit - 1168d8f5494a55ad6f5f8c494152fb53.jpg,134274,1168d8f5494a55ad6f5f8c494152fb53
Garçons (Gelbooru) s&l,rape/gujira - 2103516 - explicit - e0c7669acd18ec3fab8f62480df61755.jpg,122228,e0c7669acd18ec3fab8f62480df61755
Garçons (Gelbooru) s&l,rape/norasuko - 5014597 - explicit - 9b6710c5bc97477ab0482d3b3b49039e.jpg,171702,9b6710c5bc97477ab0482d3b3b49039e
Garçons (Gelbooru) s&l,rape/onomi9ta - 6417495 - explicit - 0705d9c49e9d7e32700439b47fba5f9b.jpg,301097,0705d9c49e9d7e32700439b47fba5f9b
Garçons (Gelbooru) s&l,rape/satyros - 2847048 - explicit - 2772e710f67c77baa06633da9a8839e9.jpg,132849,2772e710f67c77baa06633da9a8839e9
Garçons (Gelbooru) s&l,rape/sunaba_(nczd5875) - 6035060 - explicit - 331cbe5f34e8a24037177d709681d42b.png,347295,331cbe5f34e8a24037177d709681d42b
Garçons (Gelbooru) s&l,Relations/twins/stupa13a - 1694862 - explicit - dd56cabb511b7d6d029acdc4bfb4debf.png,281871,dd56cabb511b7d6d029acdc4bfb4debf
Garçons (Gelbooru) s&l,restrained/beitemian - 3954117 - explicit - 43519930a370237e8e418b04a0734330.jpg,110192,43519930a370237e8e418b04a0734330
Garçons (Gelbooru) s&l,restrained/fairwind - 3388185 - explicit - 2142590c97bf10c5bc2855abec54e306.png,197664,2142590c97bf10c5bc2855abec54e306
Garçons (Gelbooru) s&l,restrained/kohaku_syotadesugananika - 3326454 - explicit - f31f3f1c54c3eeeaed9f3834a4aaf595.png,94147,f31f3f1c54c3eeeaed9f3834a4aaf595
Garçons (Gelbooru) s&l,school_uniform/g1_(jjw00123) - 7133779 - questionable - 426e5cc17b2e94faf69334122c26414b.png,279588,426e5cc17b2e94faf69334122c26414b
Garçons (Gelbooru) s&l,sex_toy/nayoshi_(r-744) - 3473908 - explicit - f4df7498ed991245ada6c1c351074efc.jpg,84288,f4df7498ed991245ada6c1c351074efc
Garçons (Gelbooru) s&l,Sexual themes/futanari femdom/makin_tama - 5517064 - explicit - f63b04581a17739e9008d0f33acb203d.png,729729,f63b04581a17739e9008d0f33acb203d
Garçons (Gelbooru) s&l,Sexual themes/Sextoys/Vibrators/squatting vibrator/c_take0141 - 10622540 - explicit - 054be55eac0eda1ea08e336e8206004f.jpg,326934,054be55eac0eda1ea08e336e8206004f
Garçons (Gelbooru) s&l,Sexual themes/Sextoys/Vibrators/vibrator/akagi_kurage - 3686462 - questionable - 86b14ccdc8f93abbd83fcf480433ae31.jpg,158799,86b14ccdc8f93abbd83fcf480433ae31
Garçons (Gelbooru) s&l,Sexual themes/Sextoys/Vibrators/vibrator_under_clothes/+++_(artist) - 6125422 - explicit - 32138cabed994f647ad7dfb35bcb3c67.png,1001393,32138cabed994f647ad7dfb35bcb3c67
Garçons (Gelbooru) s&l,slave/kiricloud - 3518871 - questionable - 7dbd679b217651729e39be7de685363e.png,1538019,7dbd679b217651729e39be7de685363e
Garçons (Gelbooru) s&l,Styles vestimentaires/hooded_jacket/yewang19 - 7955699 - questionable - e711630d47d9cad16bac5bd458a7bcc7.jpg,162270,e711630d47d9cad16bac5bd458a7bcc7
Garçons (Gelbooru) s&l,trap/dancho_(dancyo) - 2990544 - sensitive - 140cac05fcd586cf8e79510b55454681.jpg,269175,140cac05fcd586cf8e79510b55454681
Garçons (Gelbooru) s&l,trap/dancho_(dancyo) - 3068035 - general - 588143dea34aa7f603f91f5728776159.jpg,86527,588143dea34aa7f603f91f5728776159
Garçons (Gelbooru) s&l,trap/dancho_(dancyo) - 3068043 - sensitive - ef72800d8623ee0f3361695d1b81ab94.jpg,100848,ef72800d8623ee0f3361695d1b81ab94
Garçons (Gelbooru) s&l,trap/dancho_(dancyo) - 3157553 - general - d21247a2a109de47cb41119242a1f567.jpg,217126,d21247a2a109de47cb41119242a1f567
Garçons (Gelbooru) s&l,trap/fetishist - 3207358 - explicit - a7962aa5b6f2c3ba70466368c1eb2aba.jpg,323338,a7962aa5b6f2c3ba70466368c1eb2aba
Garçons (Gelbooru) s&l,trap/hiiragi_hizasi - 7646471 - sensitive - 8131f53aaba91bf9cf7a12d621b72f10.jpg,107799,8131f53aaba91bf9cf7a12d621b72f10
Garçons (Gelbooru) s&l,trap/onomi9ta - 6287690 - explicit - 25584db5dd248799cefa7c41af82f0f3.jpg,312282,25584db5dd248799cefa7c41af82f0f3
Garçons (Gelbooru) s&l,trap/tsukuru_(seki_sabato) - 2078252 - questionable - 6d33421a29509a02186f51c8089737f7.jpg,111436,6d33421a29509a02186f51c8089737f7
Garçons (Gelbooru) s&l,trap/und/miga_(migao) - 9752941 - questionable - b9301c7eb973f51a3244b7405ab75365.jpg,106221,b9301c7eb973f51a3244b7405ab75365
